input,output,instruction,th_input,th_output,th_instruction
"A McMahon score of at least 6 calculated on admission allows for a more sensitive, specific and timely identification of patients who may benefit from high-volume fluid resuscitation.",This is a directly correlative relationship,"Question: Is this describing a (1) directly correlative relationship, (2) conditionally causative relationship, (3) causative relationship, or (0) no relationship.",คะแนนแมคมาฮอนอย่างน้อย 6 ที่คำนวณจากการเข้าเรียนช่วยให้การระบุผู้ป่วยที่มีความละเอียดอ่อนเฉพาะเจาะจงและทันเวลามากขึ้นซึ่งอาจได้รับประโยชน์จากการช่วยชีวิตของเหลวในปริมาณสูง,นี่คือความสัมพันธ์ที่สัมพันธ์กันโดยตรง,คำถาม: นี่คือการอธิบายความสัมพันธ์ที่สัมพันธ์กันโดยตรง (2) ความสัมพันธ์เชิงสาเหตุตามเงื่อนไข (3) ความสัมพันธ์เชิงสาเหตุหรือ (0) ไม่มีความสัมพันธ์
The rs7903146 (C/T) polymorphism of the TCF7L2 gene might not be associated with obesity in the Cameroonian population.,This is a conditionally causative relationship,"Question: Is this describing a (1) directly correlative relationship, (2) conditionally causative relationship, (3) causative relationship, or (0) no relationship.",RS7903146 ​​(C/T) polymorphism ของยีน TCF7L2 อาจไม่เกี่ยวข้องกับโรคอ้วนในประชากรแคเมอรูน,นี่คือความสัมพันธ์เชิงสาเหตุตามเงื่อนไข,คำถาม: นี่คือการอธิบายความสัมพันธ์ที่สัมพันธ์กันโดยตรง (2) ความสัมพันธ์เชิงสาเหตุตามเงื่อนไข (3) ความสัมพันธ์เชิงสาเหตุหรือ (0) ไม่มีความสัมพันธ์
"A fifth of patients with a negative CDS of the TAs had signs of vasculitis on the CDS of the FaA, or OcA.",This is a conditionally causative relationship,"Question: Is this describing a (1) directly correlative relationship, (2) conditionally causative relationship, (3) causative relationship, or (0) no relationship.",หนึ่งในห้าของผู้ป่วยที่มีซีดีเชิงลบของ TAS มีสัญญาณของ vasculitis บนซีดีของ FAA หรือ OCA,นี่คือความสัมพันธ์เชิงสาเหตุตามเงื่อนไข,คำถาม: นี่คือการอธิบายความสัมพันธ์ที่สัมพันธ์กันโดยตรง (2) ความสัมพันธ์เชิงสาเหตุตามเงื่อนไข (3) ความสัมพันธ์เชิงสาเหตุหรือ (0) ไม่มีความสัมพันธ์
We observed an association between EH/EC and a history of gestational diabetes specific to younger women.,This is a conditionally causative relationship,"Question: Is this describing a (1) directly correlative relationship, (2) conditionally causative relationship, (3) causative relationship, or (0) no relationship.",เราสังเกตเห็นความสัมพันธ์ระหว่าง EH/EC และประวัติของโรคเบาหวานขณะตั้งครรภ์ที่เฉพาะเจาะจงสำหรับผู้หญิงที่อายุน้อยกว่า,นี่คือความสัมพันธ์เชิงสาเหตุตามเงื่อนไข,คำถาม: นี่คือการอธิบายความสัมพันธ์ที่สัมพันธ์กันโดยตรง (2) ความสัมพันธ์เชิงสาเหตุตามเงื่อนไข (3) ความสัมพันธ์เชิงสาเหตุหรือ (0) ไม่มีความสัมพันธ์
The CHA2DS2-VASc tool predicts thromboembolic events and overall mortality in patients without atrial fibrillation who have implantable devices.,This is a conditionally causative relationship,"Question: Is this describing a (1) directly correlative relationship, (2) conditionally causative relationship, (3) causative relationship, or (0) no relationship.",เครื่องมือ CHA2DS2-VASC ทำนายเหตุการณ์ลิ่มเลือดอุดตันและการเสียชีวิตโดยรวมในผู้ป่วยที่ไม่มีภาวะหัวใจห้องบนที่มีอุปกรณ์ฝัง,นี่คือความสัมพันธ์เชิงสาเหตุตามเงื่อนไข,คำถาม: นี่คือการอธิบายความสัมพันธ์ที่สัมพันธ์กันโดยตรง (2) ความสัมพันธ์เชิงสาเหตุตามเงื่อนไข (3) ความสัมพันธ์เชิงสาเหตุหรือ (0) ไม่มีความสัมพันธ์
"""This study provides cross-sectional data confirming the existence of the IRS in native Hawaiians.""",This is a directly correlative relationship,"Question: Is this describing a (1) directly correlative relationship, (2) conditionally causative relationship, (3) causative relationship, or (0) no relationship.","""การศึกษาครั้งนี้ให้ข้อมูลแบบตัดขวางยืนยันการมีอยู่ของ IRS ในชาวฮาวายพื้นเมือง""",นี่คือความสัมพันธ์ที่สัมพันธ์กันโดยตรง,คำถาม: นี่คือการอธิบายความสัมพันธ์ที่สัมพันธ์กันโดยตรง (2) ความสัมพันธ์เชิงสาเหตุตามเงื่อนไข (3) ความสัมพันธ์เชิงสาเหตุหรือ (0) ไม่มีความสัมพันธ์
IMPACT: This study eliminates the previously suggested marker ApoD as a predictor of recurrence among tamoxifen-treated women.,This is a directly correlative relationship,"Question: Is this describing a (1) directly correlative relationship, (2) conditionally causative relationship, (3) causative relationship, or (0) no relationship.",ผลกระทบ: การศึกษาครั้งนี้ช่วยลดเครื่องหมาย APOD ที่แนะนำไว้ก่อนหน้านี้ว่าเป็นตัวทำนายการเกิดซ้ำของผู้หญิงที่ได้รับการรักษาด้วย Tamoxifen,นี่คือความสัมพันธ์ที่สัมพันธ์กันโดยตรง,คำถาม: นี่คือการอธิบายความสัมพันธ์ที่สัมพันธ์กันโดยตรง (2) ความสัมพันธ์เชิงสาเหตุตามเงื่อนไข (3) ความสัมพันธ์เชิงสาเหตุหรือ (0) ไม่มีความสัมพันธ์
"""Because a biopsy is indicated for persistent palpable masses, the addition of diagnostic MRI only adds another step, with associated costs and burdens.""",This is a directly correlative relationship,"Question: Is this describing a (1) directly correlative relationship, (2) conditionally causative relationship, (3) causative relationship, or (0) no relationship.","""เนื่องจากการตรวจชิ้นเนื้อถูกระบุไว้สำหรับมวลที่เห็นได้ชัดอย่างต่อเนื่องการเพิ่ม MRI การวินิจฉัยจะเพิ่มขั้นตอนอื่นด้วยค่าใช้จ่ายและภาระที่เกี่ยวข้อง""",นี่คือความสัมพันธ์ที่สัมพันธ์กันโดยตรง,คำถาม: นี่คือการอธิบายความสัมพันธ์ที่สัมพันธ์กันโดยตรง (2) ความสัมพันธ์เชิงสาเหตุตามเงื่อนไข (3) ความสัมพันธ์เชิงสาเหตุหรือ (0) ไม่มีความสัมพันธ์
These data inform follow-up practises aimed at optimizing outcomes.,This is a directly correlative relationship,"Question: Is this describing a (1) directly correlative relationship, (2) conditionally causative relationship, (3) causative relationship, or (0) no relationship.",ข้อมูลเหล่านี้แจ้งการติดตามผลเพื่อเพิ่มประสิทธิภาพ,นี่คือความสัมพันธ์ที่สัมพันธ์กันโดยตรง,คำถาม: นี่คือการอธิบายความสัมพันธ์ที่สัมพันธ์กันโดยตรง (2) ความสัมพันธ์เชิงสาเหตุตามเงื่อนไข (3) ความสัมพันธ์เชิงสาเหตุหรือ (0) ไม่มีความสัมพันธ์
"This inverse association can be partially explained by the beneficial effects of physical activity on HDL-C, vitamin D, apolipoprotein B, and hemoglobin A1c.",This no relationship.,"Question: Is this describing a (1) directly correlative relationship, (2) conditionally causative relationship, (3) causative relationship, or (0) no relationship.","ความสัมพันธ์แบบผกผันนี้สามารถอธิบายได้บางส่วนโดยผลประโยชน์ของการออกกำลังกายใน HDL-C, วิตามินดี, apolipoprotein B และฮีโมโกลบิน A1C",ไม่มีความสัมพันธ์นี้,คำถาม: นี่คือการอธิบายความสัมพันธ์ที่สัมพันธ์กันโดยตรง (2) ความสัมพันธ์เชิงสาเหตุตามเงื่อนไข (3) ความสัมพันธ์เชิงสาเหตุหรือ (0) ไม่มีความสัมพันธ์
These results may have important implications for public health.,This is a directly correlative relationship,"Question: Is this describing a (1) directly correlative relationship, (2) conditionally causative relationship, (3) causative relationship, or (0) no relationship.",ผลลัพธ์เหล่านี้อาจมีความหมายที่สำคัญต่อสุขภาพของประชาชน,นี่คือความสัมพันธ์ที่สัมพันธ์กันโดยตรง,คำถาม: นี่คือการอธิบายความสัมพันธ์ที่สัมพันธ์กันโดยตรง (2) ความสัมพันธ์เชิงสาเหตุตามเงื่อนไข (3) ความสัมพันธ์เชิงสาเหตุหรือ (0) ไม่มีความสัมพันธ์
"We did not find any clinically relevant differences in the lipid profile, CRP, fasting blood glucose and other markers of atherosclerosis, between long-term consumption of red and white wine.",This is a conditionally causative relationship,"Question: Is this describing a (1) directly correlative relationship, (2) conditionally causative relationship, (3) causative relationship, or (0) no relationship.","เราไม่พบความแตกต่างที่เกี่ยวข้องทางคลินิกในโปรไฟล์ไขมัน, CRP, การอดน้ำตาลในเลือดและเครื่องหมายอื่น ๆ ของหลอดเลือดระหว่างการบริโภคระยะยาวของไวน์แดงและไวน์ขาว",นี่คือความสัมพันธ์เชิงสาเหตุตามเงื่อนไข,คำถาม: นี่คือการอธิบายความสัมพันธ์ที่สัมพันธ์กันโดยตรง (2) ความสัมพันธ์เชิงสาเหตุตามเงื่อนไข (3) ความสัมพันธ์เชิงสาเหตุหรือ (0) ไม่มีความสัมพันธ์
Increased titers of cows milk antibody before anti-TG2A and celiac disease indicates that subjects with celiac disease might have increased intestinal permeability in early life.,This is a causative relationship,"Question: Is this describing a (1) directly correlative relationship, (2) conditionally causative relationship, (3) causative relationship, or (0) no relationship.",titers ที่เพิ่มขึ้นของวัวนมแอนติบอดีก่อนต่อต้าน TG2A และโรค celiac บ่งชี้ว่าผู้ที่เป็นโรค celiac อาจเพิ่มการซึมผ่านของลำไส้ในวัยเด็ก,นี่คือความสัมพันธ์เชิงสาเหตุ,คำถาม: นี่คือการอธิบายความสัมพันธ์ที่สัมพันธ์กันโดยตรง (2) ความสัมพันธ์เชิงสาเหตุตามเงื่อนไข (3) ความสัมพันธ์เชิงสาเหตุหรือ (0) ไม่มีความสัมพันธ์
"Although both are characterized by increased intestinally derived lipoprotein particles, HDL is reduced only in SCH.",This is a conditionally causative relationship,"Question: Is this describing a (1) directly correlative relationship, (2) conditionally causative relationship, (3) causative relationship, or (0) no relationship.",แม้ว่าทั้งสองจะมีลักษณะโดยการเพิ่มขึ้นของอนุภาคไลโปโปรตีนที่ได้มาจากลำไส้ แต่ HDL จะลดลงใน SCH เท่านั้น,นี่คือความสัมพันธ์เชิงสาเหตุตามเงื่อนไข,คำถาม: นี่คือการอธิบายความสัมพันธ์ที่สัมพันธ์กันโดยตรง (2) ความสัมพันธ์เชิงสาเหตุตามเงื่อนไข (3) ความสัมพันธ์เชิงสาเหตุหรือ (0) ไม่มีความสัมพันธ์
We confirmed the clinical effectiveness of influenza vaccination in children aged 1-15 years from the 2010/2011 to 2013/2014 influenza seasons.,This no relationship.,"Question: Is this describing a (1) directly correlative relationship, (2) conditionally causative relationship, (3) causative relationship, or (0) no relationship.",เรายืนยันประสิทธิภาพทางคลินิกของการฉีดวัคซีนไข้หวัดใหญ่ในเด็กอายุ 1-15 ปีจากฤดูกาล 2010/2011 ถึง 2013/2014,ไม่มีความสัมพันธ์นี้,คำถาม: นี่คือการอธิบายความสัมพันธ์ที่สัมพันธ์กันโดยตรง (2) ความสัมพันธ์เชิงสาเหตุตามเงื่อนไข (3) ความสัมพันธ์เชิงสาเหตุหรือ (0) ไม่มีความสัมพันธ์
Interventions to  reduce indoor air pollution and to promote timely administration of measles vaccination are urgently needed to reduce the burden of severe pneumonia in children in Tanzania.,This is a directly correlative relationship,"Question: Is this describing a (1) directly correlative relationship, (2) conditionally causative relationship, (3) causative relationship, or (0) no relationship.",การแทรกแซงเพื่อลดมลพิษทางอากาศในร่มและเพื่อส่งเสริมการบริหารการฉีดวัคซีนโรคหัดในเวลาที่เหมาะสมเพื่อลดภาระของโรคปอดบวมรุนแรงในเด็กในแทนซาเนีย,นี่คือความสัมพันธ์ที่สัมพันธ์กันโดยตรง,คำถาม: นี่คือการอธิบายความสัมพันธ์ที่สัมพันธ์กันโดยตรง (2) ความสัมพันธ์เชิงสาเหตุตามเงื่อนไข (3) ความสัมพันธ์เชิงสาเหตุหรือ (0) ไม่มีความสัมพันธ์
The combination of rosuvastatin 10mg/ezetimibe 10mg was an effectively alternative therapy superior to rosuvastatin 20mg or 10mg with a greater effect on lowering LDL-C and a lower incidence of drug-related adverse events in Chinese patients.,This no relationship.,"Question: Is this describing a (1) directly correlative relationship, (2) conditionally causative relationship, (3) causative relationship, or (0) no relationship.",การรวมกันของ rosuvastatin 10 มก./ezetimibe 10 มก. เป็นการบำบัดทางเลือกที่มีประสิทธิภาพซึ่งเหนือกว่า rosuvastatin 20 มก. หรือ 10 มก. โดยมีผลกระทบมากขึ้นในการลด LDL-C และอุบัติการณ์ที่ลดลงของเหตุการณ์ไม่พึงประสงค์ที่เกี่ยวข้องกับยาเสพติดในผู้ป่วยชาวจีน,ไม่มีความสัมพันธ์นี้,คำถาม: นี่คือการอธิบายความสัมพันธ์ที่สัมพันธ์กันโดยตรง (2) ความสัมพันธ์เชิงสาเหตุตามเงื่อนไข (3) ความสัมพันธ์เชิงสาเหตุหรือ (0) ไม่มีความสัมพันธ์
This paradox refers not only to 30-day overall mortality but also to 30-day cardiac and respiratory complications.,This is a directly correlative relationship,"Question: Is this describing a (1) directly correlative relationship, (2) conditionally causative relationship, (3) causative relationship, or (0) no relationship.",ความขัดแย้งนี้ไม่เพียง แต่หมายถึงการเสียชีวิตโดยรวม 30 วันเท่านั้น แต่ยังรวมถึงภาวะแทรกซ้อนจากการเต้นของหัวใจและระบบทางเดินหายใจ 30 วัน,นี่คือความสัมพันธ์ที่สัมพันธ์กันโดยตรง,คำถาม: นี่คือการอธิบายความสัมพันธ์ที่สัมพันธ์กันโดยตรง (2) ความสัมพันธ์เชิงสาเหตุตามเงื่อนไข (3) ความสัมพันธ์เชิงสาเหตุหรือ (0) ไม่มีความสัมพันธ์
"The findings of this study substantiate the need for physical exercise to reduce  signs and symptoms associated with CVD risk, even among a young, healthy, generally active population.",This is a directly correlative relationship,"Question: Is this describing a (1) directly correlative relationship, (2) conditionally causative relationship, (3) causative relationship, or (0) no relationship.",ผลการศึกษาครั้งนี้ยืนยันถึงความจำเป็นในการออกกำลังกายเพื่อลดอาการและอาการแสดงที่เกี่ยวข้องกับความเสี่ยงของ CVD แม้ในหมู่ประชากรวัยหนุ่มสาวที่มีสุขภาพดีโดยทั่วไป,นี่คือความสัมพันธ์ที่สัมพันธ์กันโดยตรง,คำถาม: นี่คือการอธิบายความสัมพันธ์ที่สัมพันธ์กันโดยตรง (2) ความสัมพันธ์เชิงสาเหตุตามเงื่อนไข (3) ความสัมพันธ์เชิงสาเหตุหรือ (0) ไม่มีความสัมพันธ์
"This study found that 27OHC does not independently increase the risk of CHD, does not modify the increased risk of CHD resulting from MHT, and does not mediate the interaction of LDLC with MHT.",This no relationship.,"Question: Is this describing a (1) directly correlative relationship, (2) conditionally causative relationship, (3) causative relationship, or (0) no relationship.",การศึกษาครั้งนี้พบว่า 27oHC ไม่ได้เพิ่มความเสี่ยงของ CHD อย่างอิสระไม่ได้ปรับเปลี่ยนความเสี่ยงที่เพิ่มขึ้นของ CHD ที่เกิดจาก MHT และไม่ได้เป็นสื่อกลางในการทำงานร่วมกันของ LDLC กับ MHT,ไม่มีความสัมพันธ์นี้,คำถาม: นี่คือการอธิบายความสัมพันธ์ที่สัมพันธ์กันโดยตรง (2) ความสัมพันธ์เชิงสาเหตุตามเงื่อนไข (3) ความสัมพันธ์เชิงสาเหตุหรือ (0) ไม่มีความสัมพันธ์
High total serum cholesterol levels tend to increase graft failure rates whilst it did not influence implant failures.,This no relationship.,"Question: Is this describing a (1) directly correlative relationship, (2) conditionally causative relationship, (3) causative relationship, or (0) no relationship.",ระดับคอเลสเตอรอลในซีรั่มรวมสูงมีแนวโน้มที่จะเพิ่มอัตราความล้มเหลวของการรับสินบนในขณะที่มันไม่ได้มีผลต่อความล้มเหลวของรากฟันเทียม,ไม่มีความสัมพันธ์นี้,คำถาม: นี่คือการอธิบายความสัมพันธ์ที่สัมพันธ์กันโดยตรง (2) ความสัมพันธ์เชิงสาเหตุตามเงื่อนไข (3) ความสัมพันธ์เชิงสาเหตุหรือ (0) ไม่มีความสัมพันธ์
"This leads to substantial avoidance of adjuvant CTX in endocrine-sensitive, HER2-negative breast cancer.",This no relationship.,"Question: Is this describing a (1) directly correlative relationship, (2) conditionally causative relationship, (3) causative relationship, or (0) no relationship.",สิ่งนี้นำไปสู่การหลีกเลี่ยงอย่างมากของ adjuvant CTX ในมะเร็งเต้านมที่ไวต่อการต่อมไร้ท่อ,ไม่มีความสัมพันธ์นี้,คำถาม: นี่คือการอธิบายความสัมพันธ์ที่สัมพันธ์กันโดยตรง (2) ความสัมพันธ์เชิงสาเหตุตามเงื่อนไข (3) ความสัมพันธ์เชิงสาเหตุหรือ (0) ไม่มีความสัมพันธ์
"Patients who are super obese are at increased risk for serious complications compared with patients with morbid obesity, whose risks are elevated relative to patients whose BMI is less than 40 kg/m2.",This is a conditionally causative relationship,"Question: Is this describing a (1) directly correlative relationship, (2) conditionally causative relationship, (3) causative relationship, or (0) no relationship.",ผู้ป่วยที่เป็นโรคอ้วนมีความเสี่ยงเพิ่มขึ้นสำหรับภาวะแทรกซ้อนที่ร้ายแรงเมื่อเทียบกับผู้ป่วยโรคอ้วนที่เป็นโรคที่มีความเสี่ยงสูงเมื่อเทียบกับผู้ป่วยที่มีค่าดัชนีมวลกายน้อยกว่า 40 กิโลกรัม/m2,นี่คือความสัมพันธ์เชิงสาเหตุตามเงื่อนไข,คำถาม: นี่คือการอธิบายความสัมพันธ์ที่สัมพันธ์กันโดยตรง (2) ความสัมพันธ์เชิงสาเหตุตามเงื่อนไข (3) ความสัมพันธ์เชิงสาเหตุหรือ (0) ไม่มีความสัมพันธ์
"Patients with older age, negative medication belief, polypharmacy, co-morbidities and those who were poorly involved in the therapeutic decision were more likely to experience DTP.",This is a conditionally causative relationship,"Question: Is this describing a (1) directly correlative relationship, (2) conditionally causative relationship, (3) causative relationship, or (0) no relationship.","ผู้ป่วยที่มีอายุมากขึ้นความเชื่อในการใช้ยาเชิงลบ, polypharmacy, morbidities ร่วมและผู้ที่มีส่วนร่วมอย่างไม่ดีในการตัดสินใจการรักษามีแนวโน้มที่จะได้สัมผัสกับ DTP มากขึ้น",นี่คือความสัมพันธ์เชิงสาเหตุตามเงื่อนไข,คำถาม: นี่คือการอธิบายความสัมพันธ์ที่สัมพันธ์กันโดยตรง (2) ความสัมพันธ์เชิงสาเหตุตามเงื่อนไข (3) ความสัมพันธ์เชิงสาเหตุหรือ (0) ไม่มีความสัมพันธ์
"Topical corticosteroids and antibiotics result in restoration of skin barrier integrity and decreased secondary infection.""",This no relationship.,"Question: Is this describing a (1) directly correlative relationship, (2) conditionally causative relationship, (3) causative relationship, or (0) no relationship.","corticosteroids เฉพาะที่และยาปฏิชีวนะส่งผลให้เกิดการฟื้นฟูความสมบูรณ์ของสิ่งกีดขวางทางผิวหนังและการติดเชื้อที่สองลดลง """,ไม่มีความสัมพันธ์นี้,คำถาม: นี่คือการอธิบายความสัมพันธ์ที่สัมพันธ์กันโดยตรง (2) ความสัมพันธ์เชิงสาเหตุตามเงื่อนไข (3) ความสัมพันธ์เชิงสาเหตุหรือ (0) ไม่มีความสัมพันธ์
"Although conventional echocardiography revealed no difference between patients with type 1 DM and healthy children, TDE showed dysfunctions of  both ventricles.",This is a directly correlative relationship,"Question: Is this describing a (1) directly correlative relationship, (2) conditionally causative relationship, (3) causative relationship, or (0) no relationship.",แม้ว่า echocardiography ทั่วไปจะไม่เปิดเผยความแตกต่างระหว่างผู้ป่วยที่มีประเภท 1 DM และเด็กที่มีสุขภาพดี แต่ TDE แสดงความผิดปกติของโพรงทั้งสอง,นี่คือความสัมพันธ์ที่สัมพันธ์กันโดยตรง,คำถาม: นี่คือการอธิบายความสัมพันธ์ที่สัมพันธ์กันโดยตรง (2) ความสัมพันธ์เชิงสาเหตุตามเงื่อนไข (3) ความสัมพันธ์เชิงสาเหตุหรือ (0) ไม่มีความสัมพันธ์
This study indicated that nearly half of the children under five years in the study area were stunted.,This is a directly correlative relationship,"Question: Is this describing a (1) directly correlative relationship, (2) conditionally causative relationship, (3) causative relationship, or (0) no relationship.",การศึกษาครั้งนี้ชี้ให้เห็นว่าเกือบครึ่งหนึ่งของเด็กอายุต่ำกว่าห้าปีในพื้นที่ศึกษามีแคระแกรน,นี่คือความสัมพันธ์ที่สัมพันธ์กันโดยตรง,คำถาม: นี่คือการอธิบายความสัมพันธ์ที่สัมพันธ์กันโดยตรง (2) ความสัมพันธ์เชิงสาเหตุตามเงื่อนไข (3) ความสัมพันธ์เชิงสาเหตุหรือ (0) ไม่มีความสัมพันธ์
"In the subgroup analysis, significantly increased breast cancer risk  was identified among Caucasians.",This is a conditionally causative relationship,"Question: Is this describing a (1) directly correlative relationship, (2) conditionally causative relationship, (3) causative relationship, or (0) no relationship.",ในการวิเคราะห์กลุ่มย่อยพบความเสี่ยงมะเร็งเต้านมเพิ่มขึ้นอย่างมีนัยสำคัญในหมู่คนผิวขาว,นี่คือความสัมพันธ์เชิงสาเหตุตามเงื่อนไข,คำถาม: นี่คือการอธิบายความสัมพันธ์ที่สัมพันธ์กันโดยตรง (2) ความสัมพันธ์เชิงสาเหตุตามเงื่อนไข (3) ความสัมพันธ์เชิงสาเหตุหรือ (0) ไม่มีความสัมพันธ์
Weight status of intervention participants did not rebound 6 months after programming.,This is a directly correlative relationship,"Question: Is this describing a (1) directly correlative relationship, (2) conditionally causative relationship, (3) causative relationship, or (0) no relationship.",สถานะน้ำหนักของผู้เข้าร่วมการแทรกแซงไม่ได้เด้ง 6 เดือนหลังจากการเขียนโปรแกรม,นี่คือความสัมพันธ์ที่สัมพันธ์กันโดยตรง,คำถาม: นี่คือการอธิบายความสัมพันธ์ที่สัมพันธ์กันโดยตรง (2) ความสัมพันธ์เชิงสาเหตุตามเงื่อนไข (3) ความสัมพันธ์เชิงสาเหตุหรือ (0) ไม่มีความสัมพันธ์
CNBS may be the more appropriate specimen type for immunohistochemical examination of phosphoprotein expression in invasive breast cancer.,This is a directly correlative relationship,"Question: Is this describing a (1) directly correlative relationship, (2) conditionally causative relationship, (3) causative relationship, or (0) no relationship.",CNBS อาจเป็นตัวอย่างที่เหมาะสมกว่าสำหรับการตรวจอิมมูโนฮิสโตเคมีของการแสดงออกของฟอสโฟโปรตีนในมะเร็งเต้านมที่รุกราน,นี่คือความสัมพันธ์ที่สัมพันธ์กันโดยตรง,คำถาม: นี่คือการอธิบายความสัมพันธ์ที่สัมพันธ์กันโดยตรง (2) ความสัมพันธ์เชิงสาเหตุตามเงื่อนไข (3) ความสัมพันธ์เชิงสาเหตุหรือ (0) ไม่มีความสัมพันธ์
Additional analysis including inter-peak intervals and binocular summation ratio might improve the diagnostic power of VEP.,This is a causative relationship,"Question: Is this describing a (1) directly correlative relationship, (2) conditionally causative relationship, (3) causative relationship, or (0) no relationship.",การวิเคราะห์เพิ่มเติมรวมถึงช่วงเวลาระหว่างจุดสูงสุดและอัตราส่วนการรวมสองตาอาจปรับปรุงพลังการวินิจฉัยของ VEP,นี่คือความสัมพันธ์เชิงสาเหตุ,คำถาม: นี่คือการอธิบายความสัมพันธ์ที่สัมพันธ์กันโดยตรง (2) ความสัมพันธ์เชิงสาเหตุตามเงื่อนไข (3) ความสัมพันธ์เชิงสาเหตุหรือ (0) ไม่มีความสัมพันธ์
"Uptake of cervical cancer screening is common in the United States, with large socioeconomic disparities also evident.",This is a directly correlative relationship,"Question: Is this describing a (1) directly correlative relationship, (2) conditionally causative relationship, (3) causative relationship, or (0) no relationship.",การดูดซับการตรวจคัดกรองมะเร็งปากมดลูกเป็นเรื่องธรรมดาในสหรัฐอเมริกาโดยมีความแตกต่างทางเศรษฐกิจและสังคมขนาดใหญ่ก็เห็นได้ชัดเช่นกัน,นี่คือความสัมพันธ์ที่สัมพันธ์กันโดยตรง,คำถาม: นี่คือการอธิบายความสัมพันธ์ที่สัมพันธ์กันโดยตรง (2) ความสัมพันธ์เชิงสาเหตุตามเงื่อนไข (3) ความสัมพันธ์เชิงสาเหตุหรือ (0) ไม่มีความสัมพันธ์
Trials evaluating specific micronutrients are required in order to investigate specific nutrient-infection interactions in CSOM.,This is a directly correlative relationship,"Question: Is this describing a (1) directly correlative relationship, (2) conditionally causative relationship, (3) causative relationship, or (0) no relationship.",การทดลองที่ประเมินจุลธาตุที่เฉพาะเจาะจงเป็นสิ่งจำเป็นในการตรวจสอบการโต้ตอบกับการติดเชื้อสารอาหารที่เฉพาะเจาะจงใน CSOM,นี่คือความสัมพันธ์ที่สัมพันธ์กันโดยตรง,คำถาม: นี่คือการอธิบายความสัมพันธ์ที่สัมพันธ์กันโดยตรง (2) ความสัมพันธ์เชิงสาเหตุตามเงื่อนไข (3) ความสัมพันธ์เชิงสาเหตุหรือ (0) ไม่มีความสัมพันธ์
Measurement of WC added limited information to BMI in this cohort.,This is a directly correlative relationship,"Question: Is this describing a (1) directly correlative relationship, (2) conditionally causative relationship, (3) causative relationship, or (0) no relationship.",การวัด WC เพิ่มข้อมูลที่ จำกัด ให้กับ BMI ในกลุ่มนี้,นี่คือความสัมพันธ์ที่สัมพันธ์กันโดยตรง,คำถาม: นี่คือการอธิบายความสัมพันธ์ที่สัมพันธ์กันโดยตรง (2) ความสัมพันธ์เชิงสาเหตุตามเงื่อนไข (3) ความสัมพันธ์เชิงสาเหตุหรือ (0) ไม่มีความสัมพันธ์
There is a clear need for improving folates intake in the Spanish population.,This is a directly correlative relationship,"Question: Is this describing a (1) directly correlative relationship, (2) conditionally causative relationship, (3) causative relationship, or (0) no relationship.",มีความต้องการที่ชัดเจนในการปรับปรุงการบริโภค folates ในประชากรสเปน,นี่คือความสัมพันธ์ที่สัมพันธ์กันโดยตรง,คำถาม: นี่คือการอธิบายความสัมพันธ์ที่สัมพันธ์กันโดยตรง (2) ความสัมพันธ์เชิงสาเหตุตามเงื่อนไข (3) ความสัมพันธ์เชิงสาเหตุหรือ (0) ไม่มีความสัมพันธ์
"In this largest published cohort, secondary banding of failed RYGB provides only limited additional weight loss.",This is a directly correlative relationship,"Question: Is this describing a (1) directly correlative relationship, (2) conditionally causative relationship, (3) causative relationship, or (0) no relationship.",ในกลุ่มที่ตีพิมพ์ที่ใหญ่ที่สุดนี้แถบรองของ RYGB ที่ล้มเหลวให้การลดน้ำหนักที่ จำกัด เพิ่มเติมเท่านั้น,นี่คือความสัมพันธ์ที่สัมพันธ์กันโดยตรง,คำถาม: นี่คือการอธิบายความสัมพันธ์ที่สัมพันธ์กันโดยตรง (2) ความสัมพันธ์เชิงสาเหตุตามเงื่อนไข (3) ความสัมพันธ์เชิงสาเหตุหรือ (0) ไม่มีความสัมพันธ์
"CLINICAL QUESTION/LEVEL OF EVIDENCE: Therapeutic, IV.",This is a directly correlative relationship,"Question: Is this describing a (1) directly correlative relationship, (2) conditionally causative relationship, (3) causative relationship, or (0) no relationship.","คำถามทางคลินิก/ระดับหลักฐาน: การรักษา, iv.",นี่คือความสัมพันธ์ที่สัมพันธ์กันโดยตรง,คำถาม: นี่คือการอธิบายความสัมพันธ์ที่สัมพันธ์กันโดยตรง (2) ความสัมพันธ์เชิงสาเหตุตามเงื่อนไข (3) ความสัมพันธ์เชิงสาเหตุหรือ (0) ไม่มีความสัมพันธ์
"Children with CSOM were more undernourished than controls with lower mean serum Zn, Se and calcium concentrations.",This is a conditionally causative relationship,"Question: Is this describing a (1) directly correlative relationship, (2) conditionally causative relationship, (3) causative relationship, or (0) no relationship.","เด็กที่มี CSOM นั้นต่ำกว่าการควบคุมที่มีความเข้มข้นของเซรั่ม Zn, SE และแคลเซียมเฉลี่ยต่ำกว่าค่าเฉลี่ย",นี่คือความสัมพันธ์เชิงสาเหตุตามเงื่อนไข,คำถาม: นี่คือการอธิบายความสัมพันธ์ที่สัมพันธ์กันโดยตรง (2) ความสัมพันธ์เชิงสาเหตุตามเงื่อนไข (3) ความสัมพันธ์เชิงสาเหตุหรือ (0) ไม่มีความสัมพันธ์
"""Standard cognitive-behavioral pain treatment did not yield comparable outcomes for obese and non-obese participants.""",This no relationship.,"Question: Is this describing a (1) directly correlative relationship, (2) conditionally causative relationship, (3) causative relationship, or (0) no relationship.","""การรักษาอาการปวดความรู้ความเข้าใจพฤติกรรมไม่ได้ผลที่เทียบเคียงได้สำหรับผู้เข้าร่วมที่เป็นโรคอ้วนและไม่ใช่โรคอ้วน""",ไม่มีความสัมพันธ์นี้,คำถาม: นี่คือการอธิบายความสัมพันธ์ที่สัมพันธ์กันโดยตรง (2) ความสัมพันธ์เชิงสาเหตุตามเงื่อนไข (3) ความสัมพันธ์เชิงสาเหตุหรือ (0) ไม่มีความสัมพันธ์
"The majority of relapses in this cohort occurred 6-12 months following treatment, suggesting that a 1-year follow-up is appropriate in future studies.",This is a directly correlative relationship,"Question: Is this describing a (1) directly correlative relationship, (2) conditionally causative relationship, (3) causative relationship, or (0) no relationship.",การกำเริบส่วนใหญ่ในกลุ่มนี้เกิดขึ้น 6-12 เดือนหลังจากการรักษาโดยบอกว่าการติดตาม 1 ปีมีความเหมาะสมในการศึกษาในอนาคต,นี่คือความสัมพันธ์ที่สัมพันธ์กันโดยตรง,คำถาม: นี่คือการอธิบายความสัมพันธ์ที่สัมพันธ์กันโดยตรง (2) ความสัมพันธ์เชิงสาเหตุตามเงื่อนไข (3) ความสัมพันธ์เชิงสาเหตุหรือ (0) ไม่มีความสัมพันธ์
"We concluded that with the results of this study, it is imperative to increase awareness about BC and its detection methods in the community through health education campaigns.",This is a directly correlative relationship,"Question: Is this describing a (1) directly correlative relationship, (2) conditionally causative relationship, (3) causative relationship, or (0) no relationship.",เราสรุปว่าด้วยผลการศึกษาครั้งนี้มีความจำเป็นที่จะต้องเพิ่มการรับรู้เกี่ยวกับ BC และวิธีการตรวจจับในชุมชนผ่านการรณรงค์เพื่อสุขภาพ,นี่คือความสัมพันธ์ที่สัมพันธ์กันโดยตรง,คำถาม: นี่คือการอธิบายความสัมพันธ์ที่สัมพันธ์กันโดยตรง (2) ความสัมพันธ์เชิงสาเหตุตามเงื่อนไข (3) ความสัมพันธ์เชิงสาเหตุหรือ (0) ไม่มีความสัมพันธ์
"Based on these results, cumulative comorbidity can help explain survival variability and improve prognostic accuracy.",This no relationship.,"Question: Is this describing a (1) directly correlative relationship, (2) conditionally causative relationship, (3) causative relationship, or (0) no relationship.",จากผลลัพธ์เหล่านี้ comorbidity สะสมสามารถช่วยอธิบายความแปรปรวนของการอยู่รอดและปรับปรุงความแม่นยำในการพยากรณ์โรค,ไม่มีความสัมพันธ์นี้,คำถาม: นี่คือการอธิบายความสัมพันธ์ที่สัมพันธ์กันโดยตรง (2) ความสัมพันธ์เชิงสาเหตุตามเงื่อนไข (3) ความสัมพันธ์เชิงสาเหตุหรือ (0) ไม่มีความสัมพันธ์
"Serum linoleic acid and very-long-chain n-3 PUFAs, partly reflecting vegetable oil and fish intake, respectively, were inversely associated with all-cause mortality.",This is a conditionally causative relationship,"Question: Is this describing a (1) directly correlative relationship, (2) conditionally causative relationship, (3) causative relationship, or (0) no relationship.",กรดไลโนเลอิกในซีรั่มและโซ่ N-3 PUFAs ที่ยาวมากสะท้อนให้เห็นถึงน้ำมันพืชและปริมาณปลาตามลำดับมีความสัมพันธ์แบบผกผันกับการเสียชีวิตจากทุกสาเหตุ,นี่คือความสัมพันธ์เชิงสาเหตุตามเงื่อนไข,คำถาม: นี่คือการอธิบายความสัมพันธ์ที่สัมพันธ์กันโดยตรง (2) ความสัมพันธ์เชิงสาเหตุตามเงื่อนไข (3) ความสัมพันธ์เชิงสาเหตุหรือ (0) ไม่มีความสัมพันธ์
Sleeve dilatation occurred in more than 50\\\\xa0% of the patients.,This is a directly correlative relationship,"Question: Is this describing a (1) directly correlative relationship, (2) conditionally causative relationship, (3) causative relationship, or (0) no relationship.",การขยายแขนเสื้อเกิดขึ้นในผู้ป่วยมากกว่า 50 \\\\ xa0%,นี่คือความสัมพันธ์ที่สัมพันธ์กันโดยตรง,คำถาม: นี่คือการอธิบายความสัมพันธ์ที่สัมพันธ์กันโดยตรง (2) ความสัมพันธ์เชิงสาเหตุตามเงื่อนไข (3) ความสัมพันธ์เชิงสาเหตุหรือ (0) ไม่มีความสัมพันธ์
"However, stenting is associated with early restenosis and recurrent symptoms requiring secondary procedures.",This is a conditionally causative relationship,"Question: Is this describing a (1) directly correlative relationship, (2) conditionally causative relationship, (3) causative relationship, or (0) no relationship.",อย่างไรก็ตามการใส่ขดลวดมีความสัมพันธ์กับการพักฟื้นในช่วงต้นและอาการกำเริบที่ต้องใช้ขั้นตอนทุติยภูมิ,นี่คือความสัมพันธ์เชิงสาเหตุตามเงื่อนไข,คำถาม: นี่คือการอธิบายความสัมพันธ์ที่สัมพันธ์กันโดยตรง (2) ความสัมพันธ์เชิงสาเหตุตามเงื่อนไข (3) ความสัมพันธ์เชิงสาเหตุหรือ (0) ไม่มีความสัมพันธ์
The direct association between Mediterranean diet and peripheral artery disease that we have found should be evaluated through a follow-up study under clinical practice conditions.,This is a directly correlative relationship,"Question: Is this describing a (1) directly correlative relationship, (2) conditionally causative relationship, (3) causative relationship, or (0) no relationship.",ความสัมพันธ์โดยตรงระหว่างอาหารเมดิเตอร์เรเนียนและโรคหลอดเลือดแดงส่วนปลายที่เราพบควรได้รับการประเมินผ่านการศึกษาติดตามผลภายใต้เงื่อนไขการปฏิบัติทางคลินิก,นี่คือความสัมพันธ์ที่สัมพันธ์กันโดยตรง,คำถาม: นี่คือการอธิบายความสัมพันธ์ที่สัมพันธ์กันโดยตรง (2) ความสัมพันธ์เชิงสาเหตุตามเงื่อนไข (3) ความสัมพันธ์เชิงสาเหตุหรือ (0) ไม่มีความสัมพันธ์
Dulaglutide was well tolerated and had a low risk of hypoglycemia when used without insulin secretagogues or insulin.,This is a conditionally causative relationship,"Question: Is this describing a (1) directly correlative relationship, (2) conditionally causative relationship, (3) causative relationship, or (0) no relationship.",Dulaglutide ได้รับการยอมรับอย่างดีและมีความเสี่ยงต่ำของภาวะน้ำตาลในเลือดต่ำเมื่อใช้โดยไม่ใช้อินซูลินหรืออินซูลิน,นี่คือความสัมพันธ์เชิงสาเหตุตามเงื่อนไข,คำถาม: นี่คือการอธิบายความสัมพันธ์ที่สัมพันธ์กันโดยตรง (2) ความสัมพันธ์เชิงสาเหตุตามเงื่อนไข (3) ความสัมพันธ์เชิงสาเหตุหรือ (0) ไม่มีความสัมพันธ์
"There is a due need for identifying high risk individuals/families including BRCA1 and BRCA2 testings, biologically driven trials devoted specifically to this group.",This is a directly correlative relationship,"Question: Is this describing a (1) directly correlative relationship, (2) conditionally causative relationship, (3) causative relationship, or (0) no relationship.",มีความจำเป็นที่จะต้องระบุบุคคล/ครอบครัวที่มีความเสี่ยงสูงรวมถึงการทดสอบ BRCA1 และ BRCA2 การทดลองที่ขับเคลื่อนด้วยชีวภาพโดยเฉพาะที่อุทิศให้กับกลุ่มนี้โดยเฉพาะ,นี่คือความสัมพันธ์ที่สัมพันธ์กันโดยตรง,คำถาม: นี่คือการอธิบายความสัมพันธ์ที่สัมพันธ์กันโดยตรง (2) ความสัมพันธ์เชิงสาเหตุตามเงื่อนไข (3) ความสัมพันธ์เชิงสาเหตุหรือ (0) ไม่มีความสัมพันธ์
"A 12-week high-intensity exercise intervention with high energy expenditure can considerably reduce body weight, body fat, WC, WHR, and WHtR, whereas a light-intensity exercise intervention can significantly reduce body weight and body fat.",This no relationship.,"Question: Is this describing a (1) directly correlative relationship, (2) conditionally causative relationship, (3) causative relationship, or (0) no relationship.","การแทรกแซงการออกกำลังกายที่มีความเข้มสูง 12 สัปดาห์ที่มีค่าใช้จ่ายพลังงานสูงสามารถลดน้ำหนักตัวไขมันในร่างกายได้อย่างมาก WC, WHR และ WHTR ในขณะที่การแทรกแซงการออกกำลังกายที่มีความเข้มแสงสามารถลดน้ำหนักตัวและไขมันในร่างกายได้อย่างมีนัยสำคัญ",ไม่มีความสัมพันธ์นี้,คำถาม: นี่คือการอธิบายความสัมพันธ์ที่สัมพันธ์กันโดยตรง (2) ความสัมพันธ์เชิงสาเหตุตามเงื่อนไข (3) ความสัมพันธ์เชิงสาเหตุหรือ (0) ไม่มีความสัมพันธ์
CLINICAL TRIAL REGISTRATION: URL: https://www.clinicaltrials.gov.,This is a directly correlative relationship,"Question: Is this describing a (1) directly correlative relationship, (2) conditionally causative relationship, (3) causative relationship, or (0) no relationship.",การลงทะเบียนทดลองทางคลินิก: URL: https://www.clinicaltrials.gov,นี่คือความสัมพันธ์ที่สัมพันธ์กันโดยตรง,คำถาม: นี่คือการอธิบายความสัมพันธ์ที่สัมพันธ์กันโดยตรง (2) ความสัมพันธ์เชิงสาเหตุตามเงื่อนไข (3) ความสัมพันธ์เชิงสาเหตุหรือ (0) ไม่มีความสัมพันธ์
Our findings suggest that Mg may inhibit vascular calcification.,This is a causative relationship,"Question: Is this describing a (1) directly correlative relationship, (2) conditionally causative relationship, (3) causative relationship, or (0) no relationship.",การค้นพบของเราชี้ให้เห็นว่า MG อาจยับยั้งการกลายเป็นปูนของหลอดเลือด,นี่คือความสัมพันธ์เชิงสาเหตุ,คำถาม: นี่คือการอธิบายความสัมพันธ์ที่สัมพันธ์กันโดยตรง (2) ความสัมพันธ์เชิงสาเหตุตามเงื่อนไข (3) ความสัมพันธ์เชิงสาเหตุหรือ (0) ไม่มีความสัมพันธ์
Service providers of programmes should focus on reaching these hard-to-reach groups.,This is a directly correlative relationship,"Question: Is this describing a (1) directly correlative relationship, (2) conditionally causative relationship, (3) causative relationship, or (0) no relationship.",ผู้ให้บริการโปรแกรมควรมุ่งเน้นไปที่การเข้าถึงกลุ่มที่เข้าถึงได้ยากเหล่านี้,นี่คือความสัมพันธ์ที่สัมพันธ์กันโดยตรง,คำถาม: นี่คือการอธิบายความสัมพันธ์ที่สัมพันธ์กันโดยตรง (2) ความสัมพันธ์เชิงสาเหตุตามเงื่อนไข (3) ความสัมพันธ์เชิงสาเหตุหรือ (0) ไม่มีความสัมพันธ์
"Appropriate nutrition education strategies should be developed for children with a history of EUGR to prevent later associated pathologies, as neonatal nutritional support and feeding during childhood are associated with an  increase in diseases in this risk group.",This is a directly correlative relationship,"Question: Is this describing a (1) directly correlative relationship, (2) conditionally causative relationship, (3) causative relationship, or (0) no relationship.",กลยุทธ์การศึกษาด้านโภชนาการที่เหมาะสมควรได้รับการพัฒนาสำหรับเด็กที่มีประวัติของ EUGR เพื่อป้องกันโรคที่เกี่ยวข้องในภายหลังเนื่องจากการสนับสนุนทางโภชนาการของทารกแรกเกิดและการให้อาหารในช่วงวัยเด็กมีความสัมพันธ์กับการเพิ่มขึ้นของโรคในกลุ่มความเสี่ยงนี้,นี่คือความสัมพันธ์ที่สัมพันธ์กันโดยตรง,คำถาม: นี่คือการอธิบายความสัมพันธ์ที่สัมพันธ์กันโดยตรง (2) ความสัมพันธ์เชิงสาเหตุตามเงื่อนไข (3) ความสัมพันธ์เชิงสาเหตุหรือ (0) ไม่มีความสัมพันธ์
IMPLICATIONS FOR NURSING: Results provide support for using the social cognitive  processing theory in an intervention design with partners of long-term BCSs to decrease depressive symptoms.,This is a directly correlative relationship,"Question: Is this describing a (1) directly correlative relationship, (2) conditionally causative relationship, (3) causative relationship, or (0) no relationship.",ผลกระทบสำหรับการพยาบาล: ผลลัพธ์ให้การสนับสนุนสำหรับการใช้ทฤษฎีการประมวลผลทางปัญญาทางสังคมในการออกแบบการแทรกแซงกับพันธมิตรของ BCS ระยะยาวเพื่อลดอาการซึมเศร้า,นี่คือความสัมพันธ์ที่สัมพันธ์กันโดยตรง,คำถาม: นี่คือการอธิบายความสัมพันธ์ที่สัมพันธ์กันโดยตรง (2) ความสัมพันธ์เชิงสาเหตุตามเงื่อนไข (3) ความสัมพันธ์เชิงสาเหตุหรือ (0) ไม่มีความสัมพันธ์
High values of VEGF and CD34 are present in patients with cholesterol granulomas.,This is a directly correlative relationship,"Question: Is this describing a (1) directly correlative relationship, (2) conditionally causative relationship, (3) causative relationship, or (0) no relationship.",ค่าสูงของ VEGF และ CD34 มีอยู่ในผู้ป่วยที่มีคอเลสเตอรอล granulomas,นี่คือความสัมพันธ์ที่สัมพันธ์กันโดยตรง,คำถาม: นี่คือการอธิบายความสัมพันธ์ที่สัมพันธ์กันโดยตรง (2) ความสัมพันธ์เชิงสาเหตุตามเงื่อนไข (3) ความสัมพันธ์เชิงสาเหตุหรือ (0) ไม่มีความสัมพันธ์
"Independent prognostic factors for MSS were SN status, Breslow thickness and ulceration.",This is a conditionally causative relationship,"Question: Is this describing a (1) directly correlative relationship, (2) conditionally causative relationship, (3) causative relationship, or (0) no relationship.",ปัจจัยการพยากรณ์โรคอิสระสำหรับ MSS คือสถานะ SN ความหนาของเบรสโลว์และแผล,นี่คือความสัมพันธ์เชิงสาเหตุตามเงื่อนไข,คำถาม: นี่คือการอธิบายความสัมพันธ์ที่สัมพันธ์กันโดยตรง (2) ความสัมพันธ์เชิงสาเหตุตามเงื่อนไข (3) ความสัมพันธ์เชิงสาเหตุหรือ (0) ไม่มีความสัมพันธ์
"Based on the comparatively smaller observed differences associated with menopausal status than with chronological aging, the  significance of a more unfavorable lipid profile in a later reproductive stage may be less obvious than previously thought.",This is a conditionally causative relationship,"Question: Is this describing a (1) directly correlative relationship, (2) conditionally causative relationship, (3) causative relationship, or (0) no relationship.",ขึ้นอยู่กับความแตกต่างที่สังเกตได้เล็กน้อยที่เกี่ยวข้องกับสถานะวัยหมดประจำเดือนมากกว่าอายุตามลำดับเหตุการณ์ความสำคัญของโปรไฟล์ไขมันที่ไม่พึงประสงค์ในระยะการสืบพันธุ์ในภายหลังอาจชัดเจนน้อยกว่าที่คิดไว้ก่อนหน้านี้,นี่คือความสัมพันธ์เชิงสาเหตุตามเงื่อนไข,คำถาม: นี่คือการอธิบายความสัมพันธ์ที่สัมพันธ์กันโดยตรง (2) ความสัมพันธ์เชิงสาเหตุตามเงื่อนไข (3) ความสัมพันธ์เชิงสาเหตุหรือ (0) ไม่มีความสัมพันธ์
"Intensified therapy was effective, but target attainment was still low at 40.3% or 13.9% with regard to the new 2011 guidelines issued by the European Atherosclerosis Society (EAS) and the ESC on dyslipidemias.",This no relationship.,"Question: Is this describing a (1) directly correlative relationship, (2) conditionally causative relationship, (3) causative relationship, or (0) no relationship.",การบำบัดที่เข้มข้นนั้นมีประสิทธิภาพ แต่การบรรลุเป้าหมายยังคงอยู่ในระดับต่ำที่ 40.3% หรือ 13.9% เกี่ยวกับแนวทางใหม่ 2011 ที่ออกโดยสมาคมหลอดเลือดยุโรป (EAS) และ ESC เกี่ยวกับ dyslipidemias,ไม่มีความสัมพันธ์นี้,คำถาม: นี่คือการอธิบายความสัมพันธ์ที่สัมพันธ์กันโดยตรง (2) ความสัมพันธ์เชิงสาเหตุตามเงื่อนไข (3) ความสัมพันธ์เชิงสาเหตุหรือ (0) ไม่มีความสัมพันธ์
Future studies should determine whether in obese subjects with CTS the weight and waist  circumference loss produces an improvement in CTS symptoms and recovery of distal conduction velocity of the median nerve.,This is a directly correlative relationship,"Question: Is this describing a (1) directly correlative relationship, (2) conditionally causative relationship, (3) causative relationship, or (0) no relationship.",การศึกษาในอนาคตควรพิจารณาว่าในอาสาสมัครที่เป็นโรคอ้วนที่มี CTS การสูญเสียน้ำหนักและรอบเอวทำให้เกิดการปรับปรุงอาการ CTS และการกู้คืนความเร็วการนำไฟฟ้าส่วนปลายของเส้นประสาทค่ามัธยฐาน,นี่คือความสัมพันธ์ที่สัมพันธ์กันโดยตรง,คำถาม: นี่คือการอธิบายความสัมพันธ์ที่สัมพันธ์กันโดยตรง (2) ความสัมพันธ์เชิงสาเหตุตามเงื่อนไข (3) ความสัมพันธ์เชิงสาเหตุหรือ (0) ไม่มีความสัมพันธ์
IM provided a practical framework to guide the systematic development of a pediatric weight management intervention for parents of children with obesity.,This is a directly correlative relationship,"Question: Is this describing a (1) directly correlative relationship, (2) conditionally causative relationship, (3) causative relationship, or (0) no relationship.",ฉันได้จัดทำกรอบการปฏิบัติเพื่อเป็นแนวทางในการพัฒนาอย่างเป็นระบบของการแทรกแซงการจัดการน้ำหนักเด็กสำหรับผู้ปกครองของเด็กที่เป็นโรคอ้วน,นี่คือความสัมพันธ์ที่สัมพันธ์กันโดยตรง,คำถาม: นี่คือการอธิบายความสัมพันธ์ที่สัมพันธ์กันโดยตรง (2) ความสัมพันธ์เชิงสาเหตุตามเงื่อนไข (3) ความสัมพันธ์เชิงสาเหตุหรือ (0) ไม่มีความสัมพันธ์
Improvements in weight and fasting glucose mediated the decrease in pHDL index.,This no relationship.,"Question: Is this describing a (1) directly correlative relationship, (2) conditionally causative relationship, (3) causative relationship, or (0) no relationship.",การปรับปรุงน้ำหนักและการอดอาหารกลูโคสเป็นสื่อกลางการลดลงของดัชนี PHDL,ไม่มีความสัมพันธ์นี้,คำถาม: นี่คือการอธิบายความสัมพันธ์ที่สัมพันธ์กันโดยตรง (2) ความสัมพันธ์เชิงสาเหตุตามเงื่อนไข (3) ความสัมพันธ์เชิงสาเหตุหรือ (0) ไม่มีความสัมพันธ์
"The findings of this study also indicated that interventions integrating household food insecurity in nutrition programs in the district might help to avert the burden of stunting.""",This is a causative relationship,"Question: Is this describing a (1) directly correlative relationship, (2) conditionally causative relationship, (3) causative relationship, or (0) no relationship.","ผลการศึกษาครั้งนี้ยังชี้ให้เห็นว่าการแทรกแซงการรวมความไม่มั่นคงด้านอาหารในครัวเรือนในโปรแกรมโภชนาการในเขตอาจช่วยป้องกันภาระของการสตัน """,นี่คือความสัมพันธ์เชิงสาเหตุ,คำถาม: นี่คือการอธิบายความสัมพันธ์ที่สัมพันธ์กันโดยตรง (2) ความสัมพันธ์เชิงสาเหตุตามเงื่อนไข (3) ความสัมพันธ์เชิงสาเหตุหรือ (0) ไม่มีความสัมพันธ์
"""Disease-related weight loss may be an important and heretofore unknown indicator of poor prognosis in MM.""",This is a conditionally causative relationship,"Question: Is this describing a (1) directly correlative relationship, (2) conditionally causative relationship, (3) causative relationship, or (0) no relationship.","""การลดน้ำหนักที่เกี่ยวข้องกับโรคอาจเป็นตัวบ่งชี้ที่สำคัญและไม่ทราบก่อนหน้านี้ของการพยากรณ์โรคที่ไม่ดีใน MM""",นี่คือความสัมพันธ์เชิงสาเหตุตามเงื่อนไข,คำถาม: นี่คือการอธิบายความสัมพันธ์ที่สัมพันธ์กันโดยตรง (2) ความสัมพันธ์เชิงสาเหตุตามเงื่อนไข (3) ความสัมพันธ์เชิงสาเหตุหรือ (0) ไม่มีความสัมพันธ์
NT in control individuals without gallstones was significantly prolonged compared with the NT in patients with established gallstone disease.,This is a conditionally causative relationship,"Question: Is this describing a (1) directly correlative relationship, (2) conditionally causative relationship, (3) causative relationship, or (0) no relationship.",NT ในบุคคลที่ควบคุมโดยไม่มีนิ่วยาวนานอย่างมีนัยสำคัญเมื่อเทียบกับ NT ในผู้ป่วยโรคนิ่วที่จัดตั้งขึ้น,นี่คือความสัมพันธ์เชิงสาเหตุตามเงื่อนไข,คำถาม: นี่คือการอธิบายความสัมพันธ์ที่สัมพันธ์กันโดยตรง (2) ความสัมพันธ์เชิงสาเหตุตามเงื่อนไข (3) ความสัมพันธ์เชิงสาเหตุหรือ (0) ไม่มีความสัมพันธ์
"""The present meta-analysis suggests that insulin therapy may increase the risk of CRC.""",This is a causative relationship,"Question: Is this describing a (1) directly correlative relationship, (2) conditionally causative relationship, (3) causative relationship, or (0) no relationship.","""การวิเคราะห์อภิมานในปัจจุบันแสดงให้เห็นว่าการรักษาด้วยอินซูลินอาจเพิ่มความเสี่ยงของ CRC""",นี่คือความสัมพันธ์เชิงสาเหตุ,คำถาม: นี่คือการอธิบายความสัมพันธ์ที่สัมพันธ์กันโดยตรง (2) ความสัมพันธ์เชิงสาเหตุตามเงื่อนไข (3) ความสัมพันธ์เชิงสาเหตุหรือ (0) ไม่มีความสัมพันธ์
Alternative dosing strategies in the obese patient population should be examined in rigorous clinical trials.,This is a directly correlative relationship,"Question: Is this describing a (1) directly correlative relationship, (2) conditionally causative relationship, (3) causative relationship, or (0) no relationship.",ควรตรวจสอบกลยุทธ์การใช้ยาทางเลือกในประชากรผู้ป่วยโรคอ้วนในการทดลองทางคลินิกอย่างเข้มงวด,นี่คือความสัมพันธ์ที่สัมพันธ์กันโดยตรง,คำถาม: นี่คือการอธิบายความสัมพันธ์ที่สัมพันธ์กันโดยตรง (2) ความสัมพันธ์เชิงสาเหตุตามเงื่อนไข (3) ความสัมพันธ์เชิงสาเหตุหรือ (0) ไม่มีความสัมพันธ์
An individualized risk stratification approach in children with severe obesity should be based on presence of complications rather than simple BMI cutoffs.,This is a directly correlative relationship,"Question: Is this describing a (1) directly correlative relationship, (2) conditionally causative relationship, (3) causative relationship, or (0) no relationship.",วิธีการแบ่งชั้นความเสี่ยงเป็นรายบุคคลในเด็กที่มีโรคอ้วนอย่างรุนแรงควรขึ้นอยู่กับการปรากฏตัวของภาวะแทรกซ้อนมากกว่าการตัดค่าดัชนีมวลกายอย่างง่าย,นี่คือความสัมพันธ์ที่สัมพันธ์กันโดยตรง,คำถาม: นี่คือการอธิบายความสัมพันธ์ที่สัมพันธ์กันโดยตรง (2) ความสัมพันธ์เชิงสาเหตุตามเงื่อนไข (3) ความสัมพันธ์เชิงสาเหตุหรือ (0) ไม่มีความสัมพันธ์
LIMITATIONS: There was an unequal distribution in numbers of subjects between study groups.,This is a directly correlative relationship,"Question: Is this describing a (1) directly correlative relationship, (2) conditionally causative relationship, (3) causative relationship, or (0) no relationship.",ข้อ จำกัด : มีการกระจายที่ไม่เท่ากันในจำนวนของวิชาระหว่างกลุ่มการศึกษา,นี่คือความสัมพันธ์ที่สัมพันธ์กันโดยตรง,คำถาม: นี่คือการอธิบายความสัมพันธ์ที่สัมพันธ์กันโดยตรง (2) ความสัมพันธ์เชิงสาเหตุตามเงื่อนไข (3) ความสัมพันธ์เชิงสาเหตุหรือ (0) ไม่มีความสัมพันธ์
MPR is a secondary adherence measure based on refill frequency.,This is a directly correlative relationship,"Question: Is this describing a (1) directly correlative relationship, (2) conditionally causative relationship, (3) causative relationship, or (0) no relationship.",MPR เป็นมาตรการการยึดมั่นที่สองตามความถี่การเติม,นี่คือความสัมพันธ์ที่สัมพันธ์กันโดยตรง,คำถาม: นี่คือการอธิบายความสัมพันธ์ที่สัมพันธ์กันโดยตรง (2) ความสัมพันธ์เชิงสาเหตุตามเงื่อนไข (3) ความสัมพันธ์เชิงสาเหตุหรือ (0) ไม่มีความสัมพันธ์
"Interventions should be based on theory including HBM and CSM constructs, and should target first BS uptake and specific barriers to reduce disparities and increase BS uptake in Malta.",This is a directly correlative relationship,"Question: Is this describing a (1) directly correlative relationship, (2) conditionally causative relationship, (3) causative relationship, or (0) no relationship.",การแทรกแซงควรขึ้นอยู่กับทฤษฎีรวมถึงโครงสร้าง HBM และ CSM และควรกำหนดเป้าหมายการดูดซึม BS ครั้งแรกและอุปสรรคเฉพาะเพื่อลดความไม่เท่าเทียมและเพิ่มการดูดซึม BS ในมอลตา,นี่คือความสัมพันธ์ที่สัมพันธ์กันโดยตรง,คำถาม: นี่คือการอธิบายความสัมพันธ์ที่สัมพันธ์กันโดยตรง (2) ความสัมพันธ์เชิงสาเหตุตามเงื่อนไข (3) ความสัมพันธ์เชิงสาเหตุหรือ (0) ไม่มีความสัมพันธ์
It enables faster graft positioning with less graft manipulation in the presence of severe corneal edema.,This no relationship.,"Question: Is this describing a (1) directly correlative relationship, (2) conditionally causative relationship, (3) causative relationship, or (0) no relationship.",มันช่วยให้การรับสินบนได้เร็วขึ้นโดยมีการจัดการการรับสินบนน้อยลงในที่ที่มีอาการบวมน้ำที่กระจกตารุนแรง,ไม่มีความสัมพันธ์นี้,คำถาม: นี่คือการอธิบายความสัมพันธ์ที่สัมพันธ์กันโดยตรง (2) ความสัมพันธ์เชิงสาเหตุตามเงื่อนไข (3) ความสัมพันธ์เชิงสาเหตุหรือ (0) ไม่มีความสัมพันธ์
"A higher BMI and a greater prevalence of comorbidities had driven patients to seek a more radical solution for their obesity, i.e., surgery.",This no relationship.,"Question: Is this describing a (1) directly correlative relationship, (2) conditionally causative relationship, (3) causative relationship, or (0) no relationship.",ค่าดัชนีมวลกายที่สูงขึ้นและความชุกมากขึ้นของ comorbidities ได้ผลักดันให้ผู้ป่วยหาทางออกที่รุนแรงมากขึ้นสำหรับโรคอ้วนของพวกเขาเช่นการผ่าตัด,ไม่มีความสัมพันธ์นี้,คำถาม: นี่คือการอธิบายความสัมพันธ์ที่สัมพันธ์กันโดยตรง (2) ความสัมพันธ์เชิงสาเหตุตามเงื่อนไข (3) ความสัมพันธ์เชิงสาเหตุหรือ (0) ไม่มีความสัมพันธ์
The results imply that school based nutrition education should be a part of comprehensive school health programs to reach students and potentially their families.,This is a directly correlative relationship,"Question: Is this describing a (1) directly correlative relationship, (2) conditionally causative relationship, (3) causative relationship, or (0) no relationship.",ผลการศึกษาบ่งบอกว่าการศึกษาด้านโภชนาการจากโรงเรียนควรเป็นส่วนหนึ่งของโปรแกรมสุขภาพของโรงเรียนที่ครอบคลุมเพื่อเข้าถึงนักเรียนและครอบครัวของพวกเขา,นี่คือความสัมพันธ์ที่สัมพันธ์กันโดยตรง,คำถาม: นี่คือการอธิบายความสัมพันธ์ที่สัมพันธ์กันโดยตรง (2) ความสัมพันธ์เชิงสาเหตุตามเงื่อนไข (3) ความสัมพันธ์เชิงสาเหตุหรือ (0) ไม่มีความสัมพันธ์
"However, further studies are needed to explore which indicator of body fat could be used as the best marker to indirectly reflect cardiometabolic risk.",This is a directly correlative relationship,"Question: Is this describing a (1) directly correlative relationship, (2) conditionally causative relationship, (3) causative relationship, or (0) no relationship.",อย่างไรก็ตามจำเป็นต้องมีการศึกษาเพิ่มเติมเพื่อสำรวจว่าตัวบ่งชี้ไขมันในร่างกายสามารถใช้เป็นเครื่องหมายที่ดีที่สุดในการสะท้อนความเสี่ยงของ cardiometabolic ทางอ้อม,นี่คือความสัมพันธ์ที่สัมพันธ์กันโดยตรง,คำถาม: นี่คือการอธิบายความสัมพันธ์ที่สัมพันธ์กันโดยตรง (2) ความสัมพันธ์เชิงสาเหตุตามเงื่อนไข (3) ความสัมพันธ์เชิงสาเหตุหรือ (0) ไม่มีความสัมพันธ์
"Hence, it can be concluded that continued use of DMPA may predispose females to the risk of cardiovascular disease in the long run.",This is a causative relationship,"Question: Is this describing a (1) directly correlative relationship, (2) conditionally causative relationship, (3) causative relationship, or (0) no relationship.",ดังนั้นจึงสามารถสรุปได้ว่าการใช้ DMPA อย่างต่อเนื่องอาจทำให้ผู้หญิงมีความเสี่ยงต่อการเกิดโรคหัวใจและหลอดเลือดในระยะยาว,นี่คือความสัมพันธ์เชิงสาเหตุ,คำถาม: นี่คือการอธิบายความสัมพันธ์ที่สัมพันธ์กันโดยตรง (2) ความสัมพันธ์เชิงสาเหตุตามเงื่อนไข (3) ความสัมพันธ์เชิงสาเหตุหรือ (0) ไม่มีความสัมพันธ์
Continuous training of GPs and clinical guidelines for the management of CVD may help GPs to make adequate decisions.,This is a causative relationship,"Question: Is this describing a (1) directly correlative relationship, (2) conditionally causative relationship, (3) causative relationship, or (0) no relationship.",การฝึกอบรมอย่างต่อเนื่องของ GPS และแนวทางทางคลินิกสำหรับการจัดการ CVD อาจช่วยให้ GPS ทำการตัดสินใจได้อย่างเพียงพอ,นี่คือความสัมพันธ์เชิงสาเหตุ,คำถาม: นี่คือการอธิบายความสัมพันธ์ที่สัมพันธ์กันโดยตรง (2) ความสัมพันธ์เชิงสาเหตุตามเงื่อนไข (3) ความสัมพันธ์เชิงสาเหตุหรือ (0) ไม่มีความสัมพันธ์
Anti-HBs levels decrease after 10-31 years and fall below a level considered protective in approximately 25% of cases.,This is a conditionally causative relationship,"Question: Is this describing a (1) directly correlative relationship, (2) conditionally causative relationship, (3) causative relationship, or (0) no relationship.",ระดับต่อต้าน HBS ลดลงหลังจาก 10-31 ปีและต่ำกว่าระดับที่ถือว่ามีการป้องกันในประมาณ 25% ของกรณี,นี่คือความสัมพันธ์เชิงสาเหตุตามเงื่อนไข,คำถาม: นี่คือการอธิบายความสัมพันธ์ที่สัมพันธ์กันโดยตรง (2) ความสัมพันธ์เชิงสาเหตุตามเงื่อนไข (3) ความสัมพันธ์เชิงสาเหตุหรือ (0) ไม่มีความสัมพันธ์
"Since relative intensity is part of the current PA recommendation, it should be considered when assessing population PA and associated health risks in the older  adults.",This is a directly correlative relationship,"Question: Is this describing a (1) directly correlative relationship, (2) conditionally causative relationship, (3) causative relationship, or (0) no relationship.",เนื่องจากความเข้มของสัมพัทธ์เป็นส่วนหนึ่งของคำแนะนำ PA ในปัจจุบันจึงควรได้รับการพิจารณาเมื่อประเมินประชากร PA และความเสี่ยงต่อสุขภาพที่เกี่ยวข้องในผู้สูงอายุ,นี่คือความสัมพันธ์ที่สัมพันธ์กันโดยตรง,คำถาม: นี่คือการอธิบายความสัมพันธ์ที่สัมพันธ์กันโดยตรง (2) ความสัมพันธ์เชิงสาเหตุตามเงื่อนไข (3) ความสัมพันธ์เชิงสาเหตุหรือ (0) ไม่มีความสัมพันธ์
"""The effect of tamoxifen was not significantly dependent on time.""",This no relationship.,"Question: Is this describing a (1) directly correlative relationship, (2) conditionally causative relationship, (3) causative relationship, or (0) no relationship.","""ผลของ tamoxifen ไม่ได้ขึ้นอยู่กับเวลาอย่างมีนัยสำคัญ""",ไม่มีความสัมพันธ์นี้,คำถาม: นี่คือการอธิบายความสัมพันธ์ที่สัมพันธ์กันโดยตรง (2) ความสัมพันธ์เชิงสาเหตุตามเงื่อนไข (3) ความสัมพันธ์เชิงสาเหตุหรือ (0) ไม่มีความสัมพันธ์
"In the Hispanic/Latino population, dulaglutide efficacy and safety was consistent with that of the overall population.",This is a directly correlative relationship,"Question: Is this describing a (1) directly correlative relationship, (2) conditionally causative relationship, (3) causative relationship, or (0) no relationship.",ในประชากรฮิสแปนิก/ลาตินประสิทธิภาพและความปลอดภัยของ Dulaglutide นั้นสอดคล้องกับประชากรโดยรวม,นี่คือความสัมพันธ์ที่สัมพันธ์กันโดยตรง,คำถาม: นี่คือการอธิบายความสัมพันธ์ที่สัมพันธ์กันโดยตรง (2) ความสัมพันธ์เชิงสาเหตุตามเงื่อนไข (3) ความสัมพันธ์เชิงสาเหตุหรือ (0) ไม่มีความสัมพันธ์
IM-SLNB has a high successful rate and good safety.,This is a directly correlative relationship,"Question: Is this describing a (1) directly correlative relationship, (2) conditionally causative relationship, (3) causative relationship, or (0) no relationship.",IM-SLNB มีอัตราที่ประสบความสำเร็จสูงและความปลอดภัยที่ดี,นี่คือความสัมพันธ์ที่สัมพันธ์กันโดยตรง,คำถาม: นี่คือการอธิบายความสัมพันธ์ที่สัมพันธ์กันโดยตรง (2) ความสัมพันธ์เชิงสาเหตุตามเงื่อนไข (3) ความสัมพันธ์เชิงสาเหตุหรือ (0) ไม่มีความสัมพันธ์
"Overall, the whole sample had a high prevalence of cardiovascular risk factors such as smoking, obesity, and physical inactivity.",This is a conditionally causative relationship,"Question: Is this describing a (1) directly correlative relationship, (2) conditionally causative relationship, (3) causative relationship, or (0) no relationship.",โดยรวมแล้วตัวอย่างทั้งหมดมีความชุกของปัจจัยเสี่ยงโรคหัวใจและหลอดเลือดสูงเช่นการสูบบุหรี่โรคอ้วนและการไม่ออกกำลังกาย,นี่คือความสัมพันธ์เชิงสาเหตุตามเงื่อนไข,คำถาม: นี่คือการอธิบายความสัมพันธ์ที่สัมพันธ์กันโดยตรง (2) ความสัมพันธ์เชิงสาเหตุตามเงื่อนไข (3) ความสัมพันธ์เชิงสาเหตุหรือ (0) ไม่มีความสัมพันธ์
"To confirm these findings, further prospective studies with larger sample size and longer follow-up are warranted.",This is a directly correlative relationship,"Question: Is this describing a (1) directly correlative relationship, (2) conditionally causative relationship, (3) causative relationship, or (0) no relationship.",เพื่อยืนยันการค้นพบเหล่านี้การศึกษาที่คาดหวังเพิ่มเติมที่มีขนาดตัวอย่างที่ใหญ่ขึ้นและการติดตามอีกต่อไปจะได้รับการรับประกัน,นี่คือความสัมพันธ์ที่สัมพันธ์กันโดยตรง,คำถาม: นี่คือการอธิบายความสัมพันธ์ที่สัมพันธ์กันโดยตรง (2) ความสัมพันธ์เชิงสาเหตุตามเงื่อนไข (3) ความสัมพันธ์เชิงสาเหตุหรือ (0) ไม่มีความสัมพันธ์
"""Clinical MODY criteria were fulfilled in 2.2% of diabetic HUNT2 subjects.""",This is a directly correlative relationship,"Question: Is this describing a (1) directly correlative relationship, (2) conditionally causative relationship, (3) causative relationship, or (0) no relationship.","""เกณฑ์ทางคลินิก Mody ได้รับการปฏิบัติตาม 2.2% ของผู้ป่วยโรคเบาหวาน HUNT2""",นี่คือความสัมพันธ์ที่สัมพันธ์กันโดยตรง,คำถาม: นี่คือการอธิบายความสัมพันธ์ที่สัมพันธ์กันโดยตรง (2) ความสัมพันธ์เชิงสาเหตุตามเงื่อนไข (3) ความสัมพันธ์เชิงสาเหตุหรือ (0) ไม่มีความสัมพันธ์
"Lower plasma concentration of high-density lipoprotein cholesterol,  total antioxidant capacity, and Î±-tocopherol levels, and a dietary pattern that is low in fish and high in red meat might contribute to the cognition impairment  in older Chinese adults.",This is a causative relationship,"Question: Is this describing a (1) directly correlative relationship, (2) conditionally causative relationship, (3) causative relationship, or (0) no relationship.",ความเข้มข้นของพลาสม่าที่ต่ำกว่าของคอเลสเตอรอลไลโปโปรตีนที่มีความหนาแน่นสูงความสามารถในการต้านอนุมูลอิสระทั้งหมดและระดับ tocopherol และรูปแบบการบริโภคอาหารที่มีปลาต่ำและเนื้อแดงสูงอาจนำไปสู่ความบกพร่องทางสติปัญญาในผู้ใหญ่ชาวจีนที่มีอายุมากกว่า,นี่คือความสัมพันธ์เชิงสาเหตุ,คำถาม: นี่คือการอธิบายความสัมพันธ์ที่สัมพันธ์กันโดยตรง (2) ความสัมพันธ์เชิงสาเหตุตามเงื่อนไข (3) ความสัมพันธ์เชิงสาเหตุหรือ (0) ไม่มีความสัมพันธ์
We show replication of 5 Caucasian genome-wide association studies lipid associations in Mexicans.,This is a directly correlative relationship,"Question: Is this describing a (1) directly correlative relationship, (2) conditionally causative relationship, (3) causative relationship, or (0) no relationship.",เราแสดงการจำลองแบบของ 5 การศึกษาความสัมพันธ์ของจีโนมทั่วทั้งคอเคเซียนในเม็กซิกัน,นี่คือความสัมพันธ์ที่สัมพันธ์กันโดยตรง,คำถาม: นี่คือการอธิบายความสัมพันธ์ที่สัมพันธ์กันโดยตรง (2) ความสัมพันธ์เชิงสาเหตุตามเงื่อนไข (3) ความสัมพันธ์เชิงสาเหตุหรือ (0) ไม่มีความสัมพันธ์
"These findings pose the question: Why has not the nutritional status of children improved, although the living conditions of their  families have significantly improved?",This is a directly correlative relationship,"Question: Is this describing a (1) directly correlative relationship, (2) conditionally causative relationship, (3) causative relationship, or (0) no relationship.",การค้นพบเหล่านี้เป็นคำถาม: ทำไมสถานะทางโภชนาการของเด็กไม่ได้ดีขึ้นแม้ว่าสภาพความเป็นอยู่ของครอบครัวจะดีขึ้นอย่างมีนัยสำคัญ?,นี่คือความสัมพันธ์ที่สัมพันธ์กันโดยตรง,คำถาม: นี่คือการอธิบายความสัมพันธ์ที่สัมพันธ์กันโดยตรง (2) ความสัมพันธ์เชิงสาเหตุตามเงื่อนไข (3) ความสัมพันธ์เชิงสาเหตุหรือ (0) ไม่มีความสัมพันธ์
"Legionella pneumonia should be included in the differential diagnosis even in cases of mild to moderate pneumonia when presenting with extrapulmonary symptoms, especially in diabetic patients.",This is a directly correlative relationship,"Question: Is this describing a (1) directly correlative relationship, (2) conditionally causative relationship, (3) causative relationship, or (0) no relationship.",โรคปอดบวม Legionella ควรรวมอยู่ในการวินิจฉัยแยกโรคแม้ในกรณีที่มีโรคปอดบวมไม่รุนแรงถึงปานกลางเมื่อนำเสนอด้วยอาการ extrapulmonary โดยเฉพาะอย่างยิ่งในผู้ป่วยเบาหวาน,นี่คือความสัมพันธ์ที่สัมพันธ์กันโดยตรง,คำถาม: นี่คือการอธิบายความสัมพันธ์ที่สัมพันธ์กันโดยตรง (2) ความสัมพันธ์เชิงสาเหตุตามเงื่อนไข (3) ความสัมพันธ์เชิงสาเหตุหรือ (0) ไม่มีความสัมพันธ์
"Women and individuals who were older, overweight and performing heavy work had a higher risk of CJS in this adult population residing in ViÃ§osa, MG, Brazil.",This is a conditionally causative relationship,"Question: Is this describing a (1) directly correlative relationship, (2) conditionally causative relationship, (3) causative relationship, or (0) no relationship.","ผู้หญิงและบุคคลที่มีอายุมากกว่าน้ำหนักเกินและทำงานหนักมีความเสี่ยงสูงต่อ CJS ในประชากรผู้ใหญ่ที่อาศัยอยู่ในViã§osa, MG, บราซิล",นี่คือความสัมพันธ์เชิงสาเหตุตามเงื่อนไข,คำถาม: นี่คือการอธิบายความสัมพันธ์ที่สัมพันธ์กันโดยตรง (2) ความสัมพันธ์เชิงสาเหตุตามเงื่อนไข (3) ความสัมพันธ์เชิงสาเหตุหรือ (0) ไม่มีความสัมพันธ์
Both general and central adiposity have causal effects on CHD and type 2 diabetes mellitus.,This no relationship.,"Question: Is this describing a (1) directly correlative relationship, (2) conditionally causative relationship, (3) causative relationship, or (0) no relationship.",ทั้งความอ้วนทั่วไปและส่วนกลางมีผลกระทบเชิงสาเหตุต่อโรคเบาหวานและโรคเบาหวานชนิดที่ 2,ไม่มีความสัมพันธ์นี้,คำถาม: นี่คือการอธิบายความสัมพันธ์ที่สัมพันธ์กันโดยตรง (2) ความสัมพันธ์เชิงสาเหตุตามเงื่อนไข (3) ความสัมพันธ์เชิงสาเหตุหรือ (0) ไม่มีความสัมพันธ์
"However, as 97%  of cancers in our study showed interval change when a prior MR for comparison was available, new lesions or increasing size should lead to consideration of biopsy.",This is a directly correlative relationship,"Question: Is this describing a (1) directly correlative relationship, (2) conditionally causative relationship, (3) causative relationship, or (0) no relationship.",อย่างไรก็ตามเนื่องจาก 97% ของโรคมะเร็งในการศึกษาของเราแสดงให้เห็นถึงการเปลี่ยนแปลงช่วงเวลาเมื่อ MR ก่อนหน้านี้มีการเปรียบเทียบแผลใหม่หรือขนาดที่เพิ่มขึ้นควรนำไปสู่การพิจารณาการตรวจชิ้นเนื้อ,นี่คือความสัมพันธ์ที่สัมพันธ์กันโดยตรง,คำถาม: นี่คือการอธิบายความสัมพันธ์ที่สัมพันธ์กันโดยตรง (2) ความสัมพันธ์เชิงสาเหตุตามเงื่อนไข (3) ความสัมพันธ์เชิงสาเหตุหรือ (0) ไม่มีความสัมพันธ์
"Risk factor differences may, in part, explain a previously found North-South divide in mortality.",This is a directly correlative relationship,"Question: Is this describing a (1) directly correlative relationship, (2) conditionally causative relationship, (3) causative relationship, or (0) no relationship.",ความแตกต่างของปัจจัยเสี่ยงอาจอธิบายการแบ่งแยกทางเหนือ-ใต้ก่อนหน้านี้ในการเสียชีวิต,นี่คือความสัมพันธ์ที่สัมพันธ์กันโดยตรง,คำถาม: นี่คือการอธิบายความสัมพันธ์ที่สัมพันธ์กันโดยตรง (2) ความสัมพันธ์เชิงสาเหตุตามเงื่อนไข (3) ความสัมพันธ์เชิงสาเหตุหรือ (0) ไม่มีความสัมพันธ์
"In this cohort of obese youth, we found a high prevalence of breast-feeding, metabolic dysfunction, and wide variation in the LARs.",This is a conditionally causative relationship,"Question: Is this describing a (1) directly correlative relationship, (2) conditionally causative relationship, (3) causative relationship, or (0) no relationship.",ในกลุ่มเยาวชนที่เป็นโรคอ้วนเราพบความชุกของการให้นมบุตรสูงความผิดปกติของการเผาผลาญและการเปลี่ยนแปลงที่กว้างใน LARS,นี่คือความสัมพันธ์เชิงสาเหตุตามเงื่อนไข,คำถาม: นี่คือการอธิบายความสัมพันธ์ที่สัมพันธ์กันโดยตรง (2) ความสัมพันธ์เชิงสาเหตุตามเงื่อนไข (3) ความสัมพันธ์เชิงสาเหตุหรือ (0) ไม่มีความสัมพันธ์
OSA is frequently found in the acute phase of ischaemic heart disease and its presence is associated with more severe ACS and a poorer left ventricle systolic function.,This is a conditionally causative relationship,"Question: Is this describing a (1) directly correlative relationship, (2) conditionally causative relationship, (3) causative relationship, or (0) no relationship.",OSA พบบ่อยในระยะเฉียบพลันของโรคหัวใจขาดเลือดและการปรากฏตัวของมันเกี่ยวข้องกับ ACs ที่รุนแรงมากขึ้นและฟังก์ชั่นซิสโตลิกช่องซ้ายที่ไม่ดี,นี่คือความสัมพันธ์เชิงสาเหตุตามเงื่อนไข,คำถาม: นี่คือการอธิบายความสัมพันธ์ที่สัมพันธ์กันโดยตรง (2) ความสัมพันธ์เชิงสาเหตุตามเงื่อนไข (3) ความสัมพันธ์เชิงสาเหตุหรือ (0) ไม่มีความสัมพันธ์
Cancer 2018;124:192-202.Â© 2017 American Cancer Society.,This is a directly correlative relationship,"Question: Is this describing a (1) directly correlative relationship, (2) conditionally causative relationship, (3) causative relationship, or (0) no relationship.",มะเร็ง 2018; 124: 192-202.â© 2017 สมาคมโรคมะเร็งอเมริกัน,นี่คือความสัมพันธ์ที่สัมพันธ์กันโดยตรง,คำถาม: นี่คือการอธิบายความสัมพันธ์ที่สัมพันธ์กันโดยตรง (2) ความสัมพันธ์เชิงสาเหตุตามเงื่อนไข (3) ความสัมพันธ์เชิงสาเหตุหรือ (0) ไม่มีความสัมพันธ์
"This study demonstrated that similar to subjects with DM, subjects with IFG also have IOP levels that are higher than those with normal serum glucose.",This is a conditionally causative relationship,"Question: Is this describing a (1) directly correlative relationship, (2) conditionally causative relationship, (3) causative relationship, or (0) no relationship.",การศึกษาครั้งนี้แสดงให้เห็นว่าคล้ายกับอาสาสมัครที่มี DM อาสาสมัครที่มี IFG ยังมีระดับ IOP ที่สูงกว่าผู้ที่มีกลูโคสในซีรั่มปกติ,นี่คือความสัมพันธ์เชิงสาเหตุตามเงื่อนไข,คำถาม: นี่คือการอธิบายความสัมพันธ์ที่สัมพันธ์กันโดยตรง (2) ความสัมพันธ์เชิงสาเหตุตามเงื่อนไข (3) ความสัมพันธ์เชิงสาเหตุหรือ (0) ไม่มีความสัมพันธ์
"Although metformin may improve tumour response in the non-randomized, retrospective studies analysed, it may not necessarily confer survival benefits.",This is a causative relationship,"Question: Is this describing a (1) directly correlative relationship, (2) conditionally causative relationship, (3) causative relationship, or (0) no relationship.",แม้ว่าเมตฟอร์มินอาจปรับปรุงการตอบสนองของเนื้องอกในการศึกษาแบบไม่สุ่มและการวิเคราะห์ย้อนหลัง แต่อาจไม่จำเป็นต้องให้ประโยชน์ในการอยู่รอด,นี่คือความสัมพันธ์เชิงสาเหตุ,คำถาม: นี่คือการอธิบายความสัมพันธ์ที่สัมพันธ์กันโดยตรง (2) ความสัมพันธ์เชิงสาเหตุตามเงื่อนไข (3) ความสัมพันธ์เชิงสาเหตุหรือ (0) ไม่มีความสัมพันธ์
Doses of 300 mg or more (in single or multiple doses) significantly reduced levels of PCSK9 and LDL cholesterol for at least 6 months.,This no relationship.,"Question: Is this describing a (1) directly correlative relationship, (2) conditionally causative relationship, (3) causative relationship, or (0) no relationship.",ปริมาณ 300 มก. หรือมากกว่า (ในปริมาณเดี่ยวหรือหลายครั้ง) ลดระดับของคอเลสเตอรอล PCSK9 และ LDL อย่างมีนัยสำคัญอย่างน้อย 6 เดือน,ไม่มีความสัมพันธ์นี้,คำถาม: นี่คือการอธิบายความสัมพันธ์ที่สัมพันธ์กันโดยตรง (2) ความสัมพันธ์เชิงสาเหตุตามเงื่อนไข (3) ความสัมพันธ์เชิงสาเหตุหรือ (0) ไม่มีความสัมพันธ์
Topical insulin 0.5 units QID is most effective for healing corneal  epithelial defect in diabetic patients after vitrectomy surgery compared with placebo and higher concentrations.,This no relationship.,"Question: Is this describing a (1) directly correlative relationship, (2) conditionally causative relationship, (3) causative relationship, or (0) no relationship.",อินซูลินเฉพาะที่ 0.5 หน่วย QID มีประสิทธิภาพมากที่สุดสำหรับการรักษาข้อบกพร่องของเยื่อบุผิวกระจกตาในผู้ป่วยเบาหวานหลังการผ่าตัด vitrectomy เมื่อเทียบกับยาหลอกและความเข้มข้นที่สูงขึ้น,ไม่มีความสัมพันธ์นี้,คำถาม: นี่คือการอธิบายความสัมพันธ์ที่สัมพันธ์กันโดยตรง (2) ความสัมพันธ์เชิงสาเหตุตามเงื่อนไข (3) ความสัมพันธ์เชิงสาเหตุหรือ (0) ไม่มีความสัมพันธ์
"""There was some evidence of a less steep socio-economic gradient in overweight in eight-year-old girls over time.""",This is a conditionally causative relationship,"Question: Is this describing a (1) directly correlative relationship, (2) conditionally causative relationship, (3) causative relationship, or (0) no relationship.","""มีหลักฐานบางอย่างเกี่ยวกับการไล่ระดับสีสังคมและเศรษฐกิจที่สูงชันน้อยกว่าในน้ำหนักเกินในเด็กหญิงอายุแปดขวบเมื่อเวลาผ่านไป""",นี่คือความสัมพันธ์เชิงสาเหตุตามเงื่อนไข,คำถาม: นี่คือการอธิบายความสัมพันธ์ที่สัมพันธ์กันโดยตรง (2) ความสัมพันธ์เชิงสาเหตุตามเงื่อนไข (3) ความสัมพันธ์เชิงสาเหตุหรือ (0) ไม่มีความสัมพันธ์
"Since women at high risk for breast cancer may  only interface with the healthcare system at select points, all healthcare providers must be willing and able to do risk assessment.",This is a directly correlative relationship,"Question: Is this describing a (1) directly correlative relationship, (2) conditionally causative relationship, (3) causative relationship, or (0) no relationship.",เนื่องจากผู้หญิงที่มีความเสี่ยงสูงต่อมะเร็งเต้านมอาจเชื่อมต่อกับระบบการดูแลสุขภาพที่จุดที่เลือกผู้ให้บริการด้านการดูแลสุขภาพทั้งหมดจะต้องเต็มใจและสามารถประเมินความเสี่ยงได้,นี่คือความสัมพันธ์ที่สัมพันธ์กันโดยตรง,คำถาม: นี่คือการอธิบายความสัมพันธ์ที่สัมพันธ์กันโดยตรง (2) ความสัมพันธ์เชิงสาเหตุตามเงื่อนไข (3) ความสัมพันธ์เชิงสาเหตุหรือ (0) ไม่มีความสัมพันธ์
"Additionally, very high numbers of OCN+ early CEPC tend to be linked to the risk of all-cause mortality.",This is a conditionally causative relationship,"Question: Is this describing a (1) directly correlative relationship, (2) conditionally causative relationship, (3) causative relationship, or (0) no relationship.",นอกจากนี้จำนวน OCN+ CEPC ที่สูงมากมีแนวโน้มที่จะเชื่อมโยงกับความเสี่ยงของการเสียชีวิตจากสาเหตุทั้งหมด,นี่คือความสัมพันธ์เชิงสาเหตุตามเงื่อนไข,คำถาม: นี่คือการอธิบายความสัมพันธ์ที่สัมพันธ์กันโดยตรง (2) ความสัมพันธ์เชิงสาเหตุตามเงื่อนไข (3) ความสัมพันธ์เชิงสาเหตุหรือ (0) ไม่มีความสัมพันธ์
A simultaneous integrated boost strategy could benefit from adaptive planning during the course.,This is a causative relationship,"Question: Is this describing a (1) directly correlative relationship, (2) conditionally causative relationship, (3) causative relationship, or (0) no relationship.",กลยุทธ์การเพิ่มแบบบูรณาการพร้อมกันจะได้รับประโยชน์จากการวางแผนการปรับตัวในระหว่างหลักสูตร,นี่คือความสัมพันธ์เชิงสาเหตุ,คำถาม: นี่คือการอธิบายความสัมพันธ์ที่สัมพันธ์กันโดยตรง (2) ความสัมพันธ์เชิงสาเหตุตามเงื่อนไข (3) ความสัมพันธ์เชิงสาเหตุหรือ (0) ไม่มีความสัมพันธ์
The results showed that nutritional assessment can be employed with  community-dwelling older adults.,This is a directly correlative relationship,"Question: Is this describing a (1) directly correlative relationship, (2) conditionally causative relationship, (3) causative relationship, or (0) no relationship.",ผลการศึกษาพบว่าการประเมินทางโภชนาการสามารถใช้กับผู้สูงอายุที่อาศัยอยู่ในชุมชน,นี่คือความสัมพันธ์ที่สัมพันธ์กันโดยตรง,คำถาม: นี่คือการอธิบายความสัมพันธ์ที่สัมพันธ์กันโดยตรง (2) ความสัมพันธ์เชิงสาเหตุตามเงื่อนไข (3) ความสัมพันธ์เชิงสาเหตุหรือ (0) ไม่มีความสัมพันธ์
"""Still, although no direct association between DP and torticollis was found, cranial shape is linked to cervical motion at birth.""",This is a conditionally causative relationship,"Question: Is this describing a (1) directly correlative relationship, (2) conditionally causative relationship, (3) causative relationship, or (0) no relationship.","""ถึงแม้ว่าจะไม่พบความสัมพันธ์โดยตรงระหว่าง DP และ torticollis แต่รูปร่างกะโหลกนั้นเชื่อมโยงกับการเคลื่อนไหวของปากมดลูกตั้งแต่แรกเกิด""",นี่คือความสัมพันธ์เชิงสาเหตุตามเงื่อนไข,คำถาม: นี่คือการอธิบายความสัมพันธ์ที่สัมพันธ์กันโดยตรง (2) ความสัมพันธ์เชิงสาเหตุตามเงื่อนไข (3) ความสัมพันธ์เชิงสาเหตุหรือ (0) ไม่มีความสัมพันธ์
"Cluster membership was related to differing health-related quality of life, with children from the all-rounders cluster consistently reporting greatest health-related quality of life at sites around the world.",This is a conditionally causative relationship,"Question: Is this describing a (1) directly correlative relationship, (2) conditionally causative relationship, (3) causative relationship, or (0) no relationship.",การเป็นสมาชิกคลัสเตอร์เกี่ยวข้องกับคุณภาพชีวิตที่เกี่ยวข้องกับสุขภาพที่แตกต่างกันโดยเด็ก ๆ จากกลุ่มผู้เข้าร่วมทั้งหมดรายงานคุณภาพชีวิตที่เกี่ยวข้องกับสุขภาพที่ยิ่งใหญ่ที่สุดอย่างต่อเนื่องในไซต์ทั่วโลก,นี่คือความสัมพันธ์เชิงสาเหตุตามเงื่อนไข,คำถาม: นี่คือการอธิบายความสัมพันธ์ที่สัมพันธ์กันโดยตรง (2) ความสัมพันธ์เชิงสาเหตุตามเงื่อนไข (3) ความสัมพันธ์เชิงสาเหตุหรือ (0) ไม่มีความสัมพันธ์
"""Care providers should select their patients for early discharge and pursue a low threshold for readmission.""",This is a directly correlative relationship,"Question: Is this describing a (1) directly correlative relationship, (2) conditionally causative relationship, (3) causative relationship, or (0) no relationship.","""ผู้ให้บริการดูแลควรเลือกผู้ป่วยของพวกเขาสำหรับการปลดปล่อยก่อนและติดตามเกณฑ์ต่ำสำหรับการกลับมารักษาซ้ำ""",นี่คือความสัมพันธ์ที่สัมพันธ์กันโดยตรง,คำถาม: นี่คือการอธิบายความสัมพันธ์ที่สัมพันธ์กันโดยตรง (2) ความสัมพันธ์เชิงสาเหตุตามเงื่อนไข (3) ความสัมพันธ์เชิงสาเหตุหรือ (0) ไม่มีความสัมพันธ์
The results indicated a significant association between Internet addiction and obesity.,This is a conditionally causative relationship,"Question: Is this describing a (1) directly correlative relationship, (2) conditionally causative relationship, (3) causative relationship, or (0) no relationship.",ผลลัพธ์แสดงให้เห็นถึงความสัมพันธ์ที่สำคัญระหว่างการติดอินเทอร์เน็ตและโรคอ้วน,นี่คือความสัมพันธ์เชิงสาเหตุตามเงื่อนไข,คำถาม: นี่คือการอธิบายความสัมพันธ์ที่สัมพันธ์กันโดยตรง (2) ความสัมพันธ์เชิงสาเหตุตามเงื่อนไข (3) ความสัมพันธ์เชิงสาเหตุหรือ (0) ไม่มีความสัมพันธ์
An early start to the prevention of abdominal obesity  is of particular importance because of its close relationship to non-communicable diseases.,This is a directly correlative relationship,"Question: Is this describing a (1) directly correlative relationship, (2) conditionally causative relationship, (3) causative relationship, or (0) no relationship.",การเริ่มต้นในการป้องกันโรคอ้วนในช่องท้องนั้นมีความสำคัญเป็นพิเศษเนื่องจากความสัมพันธ์ใกล้ชิดกับโรคที่ไม่ติดต่อ,นี่คือความสัมพันธ์ที่สัมพันธ์กันโดยตรง,คำถาม: นี่คือการอธิบายความสัมพันธ์ที่สัมพันธ์กันโดยตรง (2) ความสัมพันธ์เชิงสาเหตุตามเงื่อนไข (3) ความสัมพันธ์เชิงสาเหตุหรือ (0) ไม่มีความสัมพันธ์
The BMI-matched analysis suggests that fear of surgery is a relevant factor in why obese patients do not decide to undergo bariatric surgery lightly.,This no relationship.,"Question: Is this describing a (1) directly correlative relationship, (2) conditionally causative relationship, (3) causative relationship, or (0) no relationship.",การวิเคราะห์ที่จับคู่ BMI แสดงให้เห็นว่าความกลัวของการผ่าตัดเป็นปัจจัยที่เกี่ยวข้องว่าทำไมผู้ป่วยโรคอ้วนไม่ได้ตัดสินใจที่จะได้รับการผ่าตัดลดความอ้วนเบา ๆ,ไม่มีความสัมพันธ์นี้,คำถาม: นี่คือการอธิบายความสัมพันธ์ที่สัมพันธ์กันโดยตรง (2) ความสัมพันธ์เชิงสาเหตุตามเงื่อนไข (3) ความสัมพันธ์เชิงสาเหตุหรือ (0) ไม่มีความสัมพันธ์
Dilatation was not necessarily linked to an increase of daily caloric intake and  insufficient weight loss during the first 18\\\\xa0months following surgery.,This is a conditionally causative relationship,"Question: Is this describing a (1) directly correlative relationship, (2) conditionally causative relationship, (3) causative relationship, or (0) no relationship.",การขยายไม่จำเป็นต้องเชื่อมโยงกับการเพิ่มขึ้นของปริมาณแคลอรี่ทุกวันและการลดน้ำหนักไม่เพียงพอในช่วง 18 \\\\ xa0months หลังการผ่าตัด,นี่คือความสัมพันธ์เชิงสาเหตุตามเงื่อนไข,คำถาม: นี่คือการอธิบายความสัมพันธ์ที่สัมพันธ์กันโดยตรง (2) ความสัมพันธ์เชิงสาเหตุตามเงื่อนไข (3) ความสัมพันธ์เชิงสาเหตุหรือ (0) ไม่มีความสัมพันธ์
"Previous breast cancer treatment with chemotherapy, radiotherapy\\\\xa0or both should be considered when assessing a patients cardiovascular risk profile.""",This is a directly correlative relationship,"Question: Is this describing a (1) directly correlative relationship, (2) conditionally causative relationship, (3) causative relationship, or (0) no relationship.","การรักษามะเร็งเต้านมก่อนหน้านี้ด้วยเคมีบำบัด, การรักษาด้วยรังสี \\\\ xa0or ทั้งสองควรได้รับการพิจารณาเมื่อประเมินรายละเอียดความเสี่ยงของโรคหลอดเลือดหัวใจ """,นี่คือความสัมพันธ์ที่สัมพันธ์กันโดยตรง,คำถาม: นี่คือการอธิบายความสัมพันธ์ที่สัมพันธ์กันโดยตรง (2) ความสัมพันธ์เชิงสาเหตุตามเงื่อนไข (3) ความสัมพันธ์เชิงสาเหตุหรือ (0) ไม่มีความสัมพันธ์
This study suggests that known genetic risk variants contribute a significant but small amount to overall T2D risk variation in Malaysian population groups.,This no relationship.,"Question: Is this describing a (1) directly correlative relationship, (2) conditionally causative relationship, (3) causative relationship, or (0) no relationship.",การศึกษาครั้งนี้แสดงให้เห็นว่าตัวแปรความเสี่ยงทางพันธุกรรมที่รู้จักมีส่วนสำคัญ แต่มีจำนวนเล็กน้อยต่อการเปลี่ยนแปลงความเสี่ยง T2D โดยรวมในกลุ่มประชากรมาเลเซีย,ไม่มีความสัมพันธ์นี้,คำถาม: นี่คือการอธิบายความสัมพันธ์ที่สัมพันธ์กันโดยตรง (2) ความสัมพันธ์เชิงสาเหตุตามเงื่อนไข (3) ความสัมพันธ์เชิงสาเหตุหรือ (0) ไม่มีความสัมพันธ์
Noninferiority in DFS was not demonstrated between the AC-containing and AC-free regimens.,This is a directly correlative relationship,"Question: Is this describing a (1) directly correlative relationship, (2) conditionally causative relationship, (3) causative relationship, or (0) no relationship.",Noninferiority ใน DFS ไม่ได้แสดงให้เห็นระหว่างสูตร AC ที่มีและ AC ปลอด,นี่คือความสัมพันธ์ที่สัมพันธ์กันโดยตรง,คำถาม: นี่คือการอธิบายความสัมพันธ์ที่สัมพันธ์กันโดยตรง (2) ความสัมพันธ์เชิงสาเหตุตามเงื่อนไข (3) ความสัมพันธ์เชิงสาเหตุหรือ (0) ไม่มีความสัมพันธ์
Results support the construct validity and reliability of the Three-Factor Eating Questionnaire-R21 among males and highlight the importance of taking psychological factors into account in the prevention of obesity. Orv Hetil.2017; 158(37): 1469-1477.,This is a directly correlative relationship,"Question: Is this describing a (1) directly correlative relationship, (2) conditionally causative relationship, (3) causative relationship, or (0) no relationship.",ผลลัพธ์สนับสนุนการสร้างความถูกต้องและความน่าเชื่อถือของแบบสอบถามการกินแบบสามปัจจัย R21 ในหมู่ผู้ชายและเน้นถึงความสำคัญของการคำนึงถึงปัจจัยทางจิตวิทยาในการป้องกันโรคอ้วนorv hetil.2017;158 (37): 1469-1477,นี่คือความสัมพันธ์ที่สัมพันธ์กันโดยตรง,คำถาม: นี่คือการอธิบายความสัมพันธ์ที่สัมพันธ์กันโดยตรง (2) ความสัมพันธ์เชิงสาเหตุตามเงื่อนไข (3) ความสัมพันธ์เชิงสาเหตุหรือ (0) ไม่มีความสัมพันธ์
"These data, conducted in a large population of UF cases and controls, support prior studies that have found a protective association between  diabetes presence and UF risk and is further modified by race.",This is a conditionally causative relationship,"Question: Is this describing a (1) directly correlative relationship, (2) conditionally causative relationship, (3) causative relationship, or (0) no relationship.",ข้อมูลเหล่านี้ดำเนินการในประชากรจำนวนมากของกรณีและการควบคุม UF สนับสนุนการศึกษาก่อนหน้านี้ที่พบความสัมพันธ์ป้องกันระหว่างการปรากฏตัวของโรคเบาหวานและความเสี่ยง UF และได้รับการแก้ไขเพิ่มเติมโดยการแข่งขัน,นี่คือความสัมพันธ์เชิงสาเหตุตามเงื่อนไข,คำถาม: นี่คือการอธิบายความสัมพันธ์ที่สัมพันธ์กันโดยตรง (2) ความสัมพันธ์เชิงสาเหตุตามเงื่อนไข (3) ความสัมพันธ์เชิงสาเหตุหรือ (0) ไม่มีความสัมพันธ์
Further mechanistic research in larger cohorts is necessary to reconcile the potential role of T2D in UF risk.,This is a directly correlative relationship,"Question: Is this describing a (1) directly correlative relationship, (2) conditionally causative relationship, (3) causative relationship, or (0) no relationship.",การวิจัยกลไกเพิ่มเติมในกลุ่มที่มีขนาดใหญ่เป็นสิ่งจำเป็นในการกระทบยอดบทบาทที่เป็นไปได้ของ T2D ในความเสี่ยง UF,นี่คือความสัมพันธ์ที่สัมพันธ์กันโดยตรง,คำถาม: นี่คือการอธิบายความสัมพันธ์ที่สัมพันธ์กันโดยตรง (2) ความสัมพันธ์เชิงสาเหตุตามเงื่อนไข (3) ความสัมพันธ์เชิงสาเหตุหรือ (0) ไม่มีความสัมพันธ์
Our findings do not support the hypothesis that serum cholesterol and suicide attempts are associated among subjects with major depressive disorder.,This is a conditionally causative relationship,"Question: Is this describing a (1) directly correlative relationship, (2) conditionally causative relationship, (3) causative relationship, or (0) no relationship.",การค้นพบของเราไม่สนับสนุนสมมติฐานที่ว่าความพยายามในเลือดและการฆ่าตัวตายในซีรั่มมีความสัมพันธ์กับอาสาสมัครที่มีโรคซึมเศร้าที่สำคัญ,นี่คือความสัมพันธ์เชิงสาเหตุตามเงื่อนไข,คำถาม: นี่คือการอธิบายความสัมพันธ์ที่สัมพันธ์กันโดยตรง (2) ความสัมพันธ์เชิงสาเหตุตามเงื่อนไข (3) ความสัมพันธ์เชิงสาเหตุหรือ (0) ไม่มีความสัมพันธ์
"""Gradients in the determinants of overweight persisted.""",This is a directly correlative relationship,"Question: Is this describing a (1) directly correlative relationship, (2) conditionally causative relationship, (3) causative relationship, or (0) no relationship.","""การไล่ระดับสีในปัจจัยของน้ำหนักเกินยังคงอยู่""",นี่คือความสัมพันธ์ที่สัมพันธ์กันโดยตรง,คำถาม: นี่คือการอธิบายความสัมพันธ์ที่สัมพันธ์กันโดยตรง (2) ความสัมพันธ์เชิงสาเหตุตามเงื่อนไข (3) ความสัมพันธ์เชิงสาเหตุหรือ (0) ไม่มีความสัมพันธ์
"""A higher weight gain contributed in a negative manner to the presence of dyslipidemias in these patients.""",This no relationship.,"Question: Is this describing a (1) directly correlative relationship, (2) conditionally causative relationship, (3) causative relationship, or (0) no relationship.","""การเพิ่มน้ำหนักที่สูงขึ้นมีส่วนร่วมในเชิงลบต่อการปรากฏตัวของ dyslipidemias ในผู้ป่วยเหล่านี้""",ไม่มีความสัมพันธ์นี้,คำถาม: นี่คือการอธิบายความสัมพันธ์ที่สัมพันธ์กันโดยตรง (2) ความสัมพันธ์เชิงสาเหตุตามเงื่อนไข (3) ความสัมพันธ์เชิงสาเหตุหรือ (0) ไม่มีความสัมพันธ์
"The NFFD prenatal combined lifestyle intervention had a significant effect on TPA-level in late pregnancy among women entering pregnancy normal-weight or physically active, thereby preventing the downward trend typically seen during pregnancy.",This no relationship.,"Question: Is this describing a (1) directly correlative relationship, (2) conditionally causative relationship, (3) causative relationship, or (0) no relationship.",การแทรกแซงวิถีชีวิตก่อนคลอดของ NFFD มีผลกระทบอย่างมีนัยสำคัญต่อระดับ TPA ในการตั้งครรภ์ในช่วงปลายของผู้หญิงที่เข้าสู่การตั้งครรภ์น้ำหนักปกติหรือการใช้งานทางร่างกายดังนั้นจึงป้องกันแนวโน้มการลงที่เห็นได้ทั่วไปในระหว่างตั้งครรภ์,ไม่มีความสัมพันธ์นี้,คำถาม: นี่คือการอธิบายความสัมพันธ์ที่สัมพันธ์กันโดยตรง (2) ความสัมพันธ์เชิงสาเหตุตามเงื่อนไข (3) ความสัมพันธ์เชิงสาเหตุหรือ (0) ไม่มีความสัมพันธ์
"Therefore, from the epidemiological point of view, screening psoriatic patients, particularly those with severe psoriasis, is recommended.",This is a directly correlative relationship,"Question: Is this describing a (1) directly correlative relationship, (2) conditionally causative relationship, (3) causative relationship, or (0) no relationship.",ดังนั้นจากมุมมองทางระบาดวิทยาจึงแนะนำให้คัดกรองผู้ป่วยโรคสะเก็ดเงินโดยเฉพาะผู้ที่มีโรคสะเก็ดเงินรุนแรง,นี่คือความสัมพันธ์ที่สัมพันธ์กันโดยตรง,คำถาม: นี่คือการอธิบายความสัมพันธ์ที่สัมพันธ์กันโดยตรง (2) ความสัมพันธ์เชิงสาเหตุตามเงื่อนไข (3) ความสัมพันธ์เชิงสาเหตุหรือ (0) ไม่มีความสัมพันธ์
Few events during this long-term follow-up preclude identifying specific features of patients at risk of relapse and illustrate the need for a large data-base.,This is a directly correlative relationship,"Question: Is this describing a (1) directly correlative relationship, (2) conditionally causative relationship, (3) causative relationship, or (0) no relationship.",มีเพียงไม่กี่เหตุการณ์ในระหว่างการติดตามผลระยะยาวที่ระบุคุณสมบัติเฉพาะของผู้ป่วยที่เสี่ยงต่อการกำเริบของโรคและแสดงให้เห็นถึงความต้องการฐานข้อมูลขนาดใหญ่,นี่คือความสัมพันธ์ที่สัมพันธ์กันโดยตรง,คำถาม: นี่คือการอธิบายความสัมพันธ์ที่สัมพันธ์กันโดยตรง (2) ความสัมพันธ์เชิงสาเหตุตามเงื่อนไข (3) ความสัมพันธ์เชิงสาเหตุหรือ (0) ไม่มีความสัมพันธ์
Physiological and psychological impact of this type of event is still unclear.,This no relationship.,"Question: Is this describing a (1) directly correlative relationship, (2) conditionally causative relationship, (3) causative relationship, or (0) no relationship.",ผลกระทบทางสรีรวิทยาและจิตวิทยาของเหตุการณ์ประเภทนี้ยังไม่ชัดเจน,ไม่มีความสัมพันธ์นี้,คำถาม: นี่คือการอธิบายความสัมพันธ์ที่สัมพันธ์กันโดยตรง (2) ความสัมพันธ์เชิงสาเหตุตามเงื่อนไข (3) ความสัมพันธ์เชิงสาเหตุหรือ (0) ไม่มีความสัมพันธ์
"Furthermore, this study showed that an inertial sensor can be used to quantify important variables during thoracic manipulation and are able to detect intertherapist differences in technique.",This is a directly correlative relationship,"Question: Is this describing a (1) directly correlative relationship, (2) conditionally causative relationship, (3) causative relationship, or (0) no relationship.",นอกจากนี้การศึกษาครั้งนี้แสดงให้เห็นว่าเซ็นเซอร์เฉื่อยสามารถใช้ในการหาปริมาณตัวแปรที่สำคัญในระหว่างการจัดการทรวงอกและสามารถตรวจจับความแตกต่างของ intertherapist ในเทคนิค,นี่คือความสัมพันธ์ที่สัมพันธ์กันโดยตรง,คำถาม: นี่คือการอธิบายความสัมพันธ์ที่สัมพันธ์กันโดยตรง (2) ความสัมพันธ์เชิงสาเหตุตามเงื่อนไข (3) ความสัมพันธ์เชิงสาเหตุหรือ (0) ไม่มีความสัมพันธ์
Adiposity and child snoring are associated with each other cross-sectionally and are each predictive of the other among children/adolescents prospectively.,This is a conditionally causative relationship,"Question: Is this describing a (1) directly correlative relationship, (2) conditionally causative relationship, (3) causative relationship, or (0) no relationship.",ความอ้วนและการนอนกรนเด็กมีความสัมพันธ์กันโดยทั่วไปและเป็นคนทำนายของคนอื่น ๆ ในหมู่เด็ก/วัยรุ่นอย่างคาดไม่ถึง,นี่คือความสัมพันธ์เชิงสาเหตุตามเงื่อนไข,คำถาม: นี่คือการอธิบายความสัมพันธ์ที่สัมพันธ์กันโดยตรง (2) ความสัมพันธ์เชิงสาเหตุตามเงื่อนไข (3) ความสัมพันธ์เชิงสาเหตุหรือ (0) ไม่มีความสัมพันธ์
This large study brings new evidence concerning these common risk factors; although prospective studies are needed to confirm causality.,This is a directly correlative relationship,"Question: Is this describing a (1) directly correlative relationship, (2) conditionally causative relationship, (3) causative relationship, or (0) no relationship.",การศึกษาขนาดใหญ่นี้นำหลักฐานใหม่เกี่ยวกับปัจจัยเสี่ยงทั่วไปเหล่านี้แม้ว่าการศึกษาที่คาดหวังจะต้องมีการยืนยันสาเหตุ,นี่คือความสัมพันธ์ที่สัมพันธ์กันโดยตรง,คำถาม: นี่คือการอธิบายความสัมพันธ์ที่สัมพันธ์กันโดยตรง (2) ความสัมพันธ์เชิงสาเหตุตามเงื่อนไข (3) ความสัมพันธ์เชิงสาเหตุหรือ (0) ไม่มีความสัมพันธ์
"""Current smokers are also at risk for systolic hypertension, especially in those subjects aged 60  years or older.""",This is a conditionally causative relationship,"Question: Is this describing a (1) directly correlative relationship, (2) conditionally causative relationship, (3) causative relationship, or (0) no relationship.","""ผู้สูบบุหรี่ในปัจจุบันมีความเสี่ยงต่อความดันโลหิตสูง systolic โดยเฉพาะอย่างยิ่งในวิชาเหล่านั้นอายุ 60 ปีขึ้นไป""",นี่คือความสัมพันธ์เชิงสาเหตุตามเงื่อนไข,คำถาม: นี่คือการอธิบายความสัมพันธ์ที่สัมพันธ์กันโดยตรง (2) ความสัมพันธ์เชิงสาเหตุตามเงื่อนไข (3) ความสัมพันธ์เชิงสาเหตุหรือ (0) ไม่มีความสัมพันธ์
Further strategies to improve growth during initial hospitalization are needed.,This is a directly correlative relationship,"Question: Is this describing a (1) directly correlative relationship, (2) conditionally causative relationship, (3) causative relationship, or (0) no relationship.",กลยุทธ์เพิ่มเติมเพื่อปรับปรุงการเติบโตในระหว่างการรักษาในโรงพยาบาลครั้งแรกเป็นสิ่งจำเป็น,นี่คือความสัมพันธ์ที่สัมพันธ์กันโดยตรง,คำถาม: นี่คือการอธิบายความสัมพันธ์ที่สัมพันธ์กันโดยตรง (2) ความสัมพันธ์เชิงสาเหตุตามเงื่อนไข (3) ความสัมพันธ์เชิงสาเหตุหรือ (0) ไม่มีความสัมพันธ์
"Girls with T1DM were more prone to thyroid disease, particularly hypothyroidism.",This no relationship.,"Question: Is this describing a (1) directly correlative relationship, (2) conditionally causative relationship, (3) causative relationship, or (0) no relationship.",เด็กผู้หญิงที่มี T1DM มีแนวโน้มที่จะเป็นโรคต่อมไทรอยด์โดยเฉพาะภาวะพร่อง,ไม่มีความสัมพันธ์นี้,คำถาม: นี่คือการอธิบายความสัมพันธ์ที่สัมพันธ์กันโดยตรง (2) ความสัมพันธ์เชิงสาเหตุตามเงื่อนไข (3) ความสัมพันธ์เชิงสาเหตุหรือ (0) ไม่มีความสัมพันธ์
"Future studies must focus on systems for predicting the appearance and severity of postoperative complications classified  according to the Clavien-Dindo system, and not only on mortality.",This is a directly correlative relationship,"Question: Is this describing a (1) directly correlative relationship, (2) conditionally causative relationship, (3) causative relationship, or (0) no relationship.",การศึกษาในอนาคตจะต้องมุ่งเน้นไปที่ระบบสำหรับการทำนายลักษณะที่ปรากฏและความรุนแรงของภาวะแทรกซ้อนหลังการผ่าตัดจำแนกตามระบบ Clavien-Dindo และไม่เพียง แต่เกี่ยวกับการเสียชีวิต,นี่คือความสัมพันธ์ที่สัมพันธ์กันโดยตรง,คำถาม: นี่คือการอธิบายความสัมพันธ์ที่สัมพันธ์กันโดยตรง (2) ความสัมพันธ์เชิงสาเหตุตามเงื่อนไข (3) ความสัมพันธ์เชิงสาเหตุหรือ (0) ไม่มีความสัมพันธ์
The lack of statin-OxPL-apoB treatment interaction suggested that\\\\xa0OxPLs might be statin-independent therapeutic targets to reduce risk of cardiovascular events.,This is a causative relationship,"Question: Is this describing a (1) directly correlative relationship, (2) conditionally causative relationship, (3) causative relationship, or (0) no relationship.",การขาดปฏิสัมพันธ์ระหว่างการรักษาด้วย statin-oxpl-Apob ชี้ให้เห็นว่า \\\\ xa0oxpls อาจเป็นเป้าหมายการรักษาที่ไม่ขึ้นกับสเตตินเพื่อลดความเสี่ยงของเหตุการณ์หลอดเลือดหัวใจ,นี่คือความสัมพันธ์เชิงสาเหตุ,คำถาม: นี่คือการอธิบายความสัมพันธ์ที่สัมพันธ์กันโดยตรง (2) ความสัมพันธ์เชิงสาเหตุตามเงื่อนไข (3) ความสัมพันธ์เชิงสาเหตุหรือ (0) ไม่มีความสัมพันธ์
Some of these patients may not be given sedatives or may have delays in receiving sedatives after intubation.,This is a directly correlative relationship,"Question: Is this describing a (1) directly correlative relationship, (2) conditionally causative relationship, (3) causative relationship, or (0) no relationship.",ผู้ป่วยเหล่านี้บางรายอาจไม่ได้รับยาระงับประสาทหรืออาจมีความล่าช้าในการรับยาระงับประสาทหลังจากใส่ท่อช่วยหายใจ,นี่คือความสัมพันธ์ที่สัมพันธ์กันโดยตรง,คำถาม: นี่คือการอธิบายความสัมพันธ์ที่สัมพันธ์กันโดยตรง (2) ความสัมพันธ์เชิงสาเหตุตามเงื่อนไข (3) ความสัมพันธ์เชิงสาเหตุหรือ (0) ไม่มีความสัมพันธ์
"Larger, longer term studies are needed to establish the impact of videogaming interventions.",This is a directly correlative relationship,"Question: Is this describing a (1) directly correlative relationship, (2) conditionally causative relationship, (3) causative relationship, or (0) no relationship.",จำเป็นต้องมีการศึกษาระยะยาวขนาดใหญ่เพื่อสร้างผลกระทบของการแทรกแซงวิดีโอ,นี่คือความสัมพันธ์ที่สัมพันธ์กันโดยตรง,คำถาม: นี่คือการอธิบายความสัมพันธ์ที่สัมพันธ์กันโดยตรง (2) ความสัมพันธ์เชิงสาเหตุตามเงื่อนไข (3) ความสัมพันธ์เชิงสาเหตุหรือ (0) ไม่มีความสัมพันธ์
This includes improvement of thyroid function and reduction of thyroid medication dosages.,This no relationship.,"Question: Is this describing a (1) directly correlative relationship, (2) conditionally causative relationship, (3) causative relationship, or (0) no relationship.",ซึ่งรวมถึงการปรับปรุงการทำงานของต่อมไทรอยด์และการลดปริมาณยาต่อมไทรอยด์,ไม่มีความสัมพันธ์นี้,คำถาม: นี่คือการอธิบายความสัมพันธ์ที่สัมพันธ์กันโดยตรง (2) ความสัมพันธ์เชิงสาเหตุตามเงื่อนไข (3) ความสัมพันธ์เชิงสาเหตุหรือ (0) ไม่มีความสัมพันธ์
The presence and severity of ERM was not affected by RZB treatment.,This no relationship.,"Question: Is this describing a (1) directly correlative relationship, (2) conditionally causative relationship, (3) causative relationship, or (0) no relationship.",การปรากฏตัวและความรุนแรงของ ERM ไม่ได้รับผลกระทบจากการรักษา RZB,ไม่มีความสัมพันธ์นี้,คำถาม: นี่คือการอธิบายความสัมพันธ์ที่สัมพันธ์กันโดยตรง (2) ความสัมพันธ์เชิงสาเหตุตามเงื่อนไข (3) ความสัมพันธ์เชิงสาเหตุหรือ (0) ไม่มีความสัมพันธ์
It suggests a genetic pre-disposition involving the dopaminergic signalling pathways known to play a role in food reward and satiety linked mechanisms.,This is a causative relationship,"Question: Is this describing a (1) directly correlative relationship, (2) conditionally causative relationship, (3) causative relationship, or (0) no relationship.",มันแสดงให้เห็นถึงการจัดสรรล่วงหน้าทางพันธุกรรมที่เกี่ยวข้องกับเส้นทางการส่งสัญญาณ dopaminergic ที่รู้จักกันว่ามีบทบาทในการให้รางวัลอาหารและกลไกที่เชื่อมโยงกันอย่างเต็มอิ่ม,นี่คือความสัมพันธ์เชิงสาเหตุ,คำถาม: นี่คือการอธิบายความสัมพันธ์ที่สัมพันธ์กันโดยตรง (2) ความสัมพันธ์เชิงสาเหตุตามเงื่อนไข (3) ความสัมพันธ์เชิงสาเหตุหรือ (0) ไม่มีความสัมพันธ์
"As a risk factor for SSI after rectal cancer surgery, PNIâ‰¤40 and mGPS were risk factors.",This is a conditionally causative relationship,"Question: Is this describing a (1) directly correlative relationship, (2) conditionally causative relationship, (3) causative relationship, or (0) no relationship.",ในฐานะปัจจัยเสี่ยงสำหรับ SSI หลังการผ่าตัดมะเร็งทางทวารหนักPNIâ‰¤40และ MGPs เป็นปัจจัยเสี่ยง,นี่คือความสัมพันธ์เชิงสาเหตุตามเงื่อนไข,คำถาม: นี่คือการอธิบายความสัมพันธ์ที่สัมพันธ์กันโดยตรง (2) ความสัมพันธ์เชิงสาเหตุตามเงื่อนไข (3) ความสัมพันธ์เชิงสาเหตุหรือ (0) ไม่มีความสัมพันธ์
"Future studies focusing on the relationships between gestational diabetes, obesity, and EC, including age at diagnosis, are warranted.",This is a directly correlative relationship,"Question: Is this describing a (1) directly correlative relationship, (2) conditionally causative relationship, (3) causative relationship, or (0) no relationship.",การศึกษาในอนาคตที่มุ่งเน้นไปที่ความสัมพันธ์ระหว่างโรคเบาหวานขณะตั้งครรภ์โรคอ้วนและ EC รวมถึงอายุที่วินิจฉัยได้รับการรับประกัน,นี่คือความสัมพันธ์ที่สัมพันธ์กันโดยตรง,คำถาม: นี่คือการอธิบายความสัมพันธ์ที่สัมพันธ์กันโดยตรง (2) ความสัมพันธ์เชิงสาเหตุตามเงื่อนไข (3) ความสัมพันธ์เชิงสาเหตุหรือ (0) ไม่มีความสัมพันธ์
Wider studies are needed to confirm our observations.,This is a directly correlative relationship,"Question: Is this describing a (1) directly correlative relationship, (2) conditionally causative relationship, (3) causative relationship, or (0) no relationship.",จำเป็นต้องมีการศึกษาที่กว้างขึ้นเพื่อยืนยันการสังเกตของเรา,นี่คือความสัมพันธ์ที่สัมพันธ์กันโดยตรง,คำถาม: นี่คือการอธิบายความสัมพันธ์ที่สัมพันธ์กันโดยตรง (2) ความสัมพันธ์เชิงสาเหตุตามเงื่อนไข (3) ความสัมพันธ์เชิงสาเหตุหรือ (0) ไม่มีความสัมพันธ์
"""We have identified common variants in SLCO1B1 that are strongly associated with an increased risk of statin-induced myopathy.""",This is a conditionally causative relationship,"Question: Is this describing a (1) directly correlative relationship, (2) conditionally causative relationship, (3) causative relationship, or (0) no relationship.","""เราได้ระบุตัวแปรทั่วไปใน SLCO1B1 ที่เกี่ยวข้องอย่างมากกับความเสี่ยงที่เพิ่มขึ้นของผงาดที่เกิดจากสเตติน""",นี่คือความสัมพันธ์เชิงสาเหตุตามเงื่อนไข,คำถาม: นี่คือการอธิบายความสัมพันธ์ที่สัมพันธ์กันโดยตรง (2) ความสัมพันธ์เชิงสาเหตุตามเงื่อนไข (3) ความสัมพันธ์เชิงสาเหตุหรือ (0) ไม่มีความสัมพันธ์
"Improved techniques and technology will allow progression to a 'see and treat' service, providing further savings.",This is a directly correlative relationship,"Question: Is this describing a (1) directly correlative relationship, (2) conditionally causative relationship, (3) causative relationship, or (0) no relationship.",เทคนิคและเทคโนโลยีที่ได้รับการปรับปรุงจะช่วยให้บริการ 'ดูและปฏิบัติ' ได้รับการออมอีก,นี่คือความสัมพันธ์ที่สัมพันธ์กันโดยตรง,คำถาม: นี่คือการอธิบายความสัมพันธ์ที่สัมพันธ์กันโดยตรง (2) ความสัมพันธ์เชิงสาเหตุตามเงื่อนไข (3) ความสัมพันธ์เชิงสาเหตุหรือ (0) ไม่มีความสัมพันธ์
"Obesitys effect on HeRO catheters has not been amply addressed; therefore further prospective studies are warranted.""",This is a directly correlative relationship,"Question: Is this describing a (1) directly correlative relationship, (2) conditionally causative relationship, (3) causative relationship, or (0) no relationship.","ผลกระทบของโรคอ้วนต่อสายสวนฮีโร่ยังไม่ได้รับการแก้ไขอย่างเพียงพอดังนั้นการศึกษาที่คาดหวังเพิ่มเติมจึงได้รับการรับประกัน """,นี่คือความสัมพันธ์ที่สัมพันธ์กันโดยตรง,คำถาม: นี่คือการอธิบายความสัมพันธ์ที่สัมพันธ์กันโดยตรง (2) ความสัมพันธ์เชิงสาเหตุตามเงื่อนไข (3) ความสัมพันธ์เชิงสาเหตุหรือ (0) ไม่มีความสัมพันธ์
IGT after pediatric liver transplant is driven by inadequate insulin  secretion.,This no relationship.,"Question: Is this describing a (1) directly correlative relationship, (2) conditionally causative relationship, (3) causative relationship, or (0) no relationship.",IGT หลังจากการปลูกถ่ายตับในเด็กถูกขับเคลื่อนโดยการหลั่งอินซูลินไม่เพียงพอ,ไม่มีความสัมพันธ์นี้,คำถาม: นี่คือการอธิบายความสัมพันธ์ที่สัมพันธ์กันโดยตรง (2) ความสัมพันธ์เชิงสาเหตุตามเงื่อนไข (3) ความสัมพันธ์เชิงสาเหตุหรือ (0) ไม่มีความสัมพันธ์
A validation study in a separate cohort is needed to confirm the utility of the proposed index as a clinical tool to risk stratify persons with COPD.,This is a directly correlative relationship,"Question: Is this describing a (1) directly correlative relationship, (2) conditionally causative relationship, (3) causative relationship, or (0) no relationship.",การศึกษาการตรวจสอบความถูกต้องในกลุ่มที่แยกต่างหากเป็นสิ่งจำเป็นเพื่อยืนยันยูทิลิตี้ของดัชนีที่เสนอเป็นเครื่องมือทางคลินิกเพื่อเสี่ยงต่อการแบ่งชั้นบุคคลที่มีโรคปอดอุดกั้นเรื้อรัง,นี่คือความสัมพันธ์ที่สัมพันธ์กันโดยตรง,คำถาม: นี่คือการอธิบายความสัมพันธ์ที่สัมพันธ์กันโดยตรง (2) ความสัมพันธ์เชิงสาเหตุตามเงื่อนไข (3) ความสัมพันธ์เชิงสาเหตุหรือ (0) ไม่มีความสัมพันธ์
The presence of an in situ stent did not interfere with surgery.,This no relationship.,"Question: Is this describing a (1) directly correlative relationship, (2) conditionally causative relationship, (3) causative relationship, or (0) no relationship.",การปรากฏตัวของการใส่ขดลวดในแหล่งกำเนิดไม่ได้รบกวนการผ่าตัด,ไม่มีความสัมพันธ์นี้,คำถาม: นี่คือการอธิบายความสัมพันธ์ที่สัมพันธ์กันโดยตรง (2) ความสัมพันธ์เชิงสาเหตุตามเงื่อนไข (3) ความสัมพันธ์เชิงสาเหตุหรือ (0) ไม่มีความสัมพันธ์
The results should be confirmed in a larger prospective study.,This is a directly correlative relationship,"Question: Is this describing a (1) directly correlative relationship, (2) conditionally causative relationship, (3) causative relationship, or (0) no relationship.",ผลลัพธ์ควรได้รับการยืนยันในการศึกษาที่คาดหวังขนาดใหญ่,นี่คือความสัมพันธ์ที่สัมพันธ์กันโดยตรง,คำถาม: นี่คือการอธิบายความสัมพันธ์ที่สัมพันธ์กันโดยตรง (2) ความสัมพันธ์เชิงสาเหตุตามเงื่อนไข (3) ความสัมพันธ์เชิงสาเหตุหรือ (0) ไม่มีความสัมพันธ์
"""In contrast, the proportion of whole-grain rye to whole-grain wheat intake, indicated by the plasma C17:0-to-C21:0 ratio, was inversely associated with T2D.""",This is a conditionally causative relationship,"Question: Is this describing a (1) directly correlative relationship, (2) conditionally causative relationship, (3) causative relationship, or (0) no relationship.","""ในทางตรงกันข้ามสัดส่วนของข้าวไรย์ธัญพืชกับปริมาณข้าวสาลีแบบโฮลเกรนซึ่งระบุโดยพลาสมา C17: 0-to-C21: 0 อัตราส่วนนั้นสัมพันธ์กับ T2D แบบผกผัน""",นี่คือความสัมพันธ์เชิงสาเหตุตามเงื่อนไข,คำถาม: นี่คือการอธิบายความสัมพันธ์ที่สัมพันธ์กันโดยตรง (2) ความสัมพันธ์เชิงสาเหตุตามเงื่อนไข (3) ความสัมพันธ์เชิงสาเหตุหรือ (0) ไม่มีความสัมพันธ์
"Yet, these associations are warranted to be investigated in prospective studies.",This is a directly correlative relationship,"Question: Is this describing a (1) directly correlative relationship, (2) conditionally causative relationship, (3) causative relationship, or (0) no relationship.",กระนั้นสมาคมเหล่านี้ได้รับการตรวจสอบในการศึกษาในอนาคต,นี่คือความสัมพันธ์ที่สัมพันธ์กันโดยตรง,คำถาม: นี่คือการอธิบายความสัมพันธ์ที่สัมพันธ์กันโดยตรง (2) ความสัมพันธ์เชิงสาเหตุตามเงื่อนไข (3) ความสัมพันธ์เชิงสาเหตุหรือ (0) ไม่มีความสัมพันธ์
Prevalence is highest among those who are positive for viral RNA.,This is a conditionally causative relationship,"Question: Is this describing a (1) directly correlative relationship, (2) conditionally causative relationship, (3) causative relationship, or (0) no relationship.",ความชุกนั้นสูงที่สุดในบรรดาผู้ที่เป็นบวกต่อไวรัส RNA,นี่คือความสัมพันธ์เชิงสาเหตุตามเงื่อนไข,คำถาม: นี่คือการอธิบายความสัมพันธ์ที่สัมพันธ์กันโดยตรง (2) ความสัมพันธ์เชิงสาเหตุตามเงื่อนไข (3) ความสัมพันธ์เชิงสาเหตุหรือ (0) ไม่มีความสัมพันธ์
